YYYYMM,SMALL LoBM,ME1 BM2,ME1 BM3,ME1 BM4,SMALL HiBM,ME2 BM1,ME2 BM2,ME2 BM3,ME2 BM4,ME2 BM5,ME3 BM1,ME3 BM2,ME3 BM3,ME3 BM4,ME3 BM5,ME4 BM1,ME4 BM2,ME4 BM3,ME4 BM4,ME4 BM5,BIG LoBM,ME5 BM2,ME5 BM3,ME5 BM4,BIG HiBM
196307,0.85,0.24,0.56,-0.02,-1.22,-1.87,0.29,-0.84,-1.9,-1.19,-1.84,-1.82,-0.81,-2.21,-1.8,-0.93,-1.63,-2.07,-1.67,-1.86,0.14,0.46,1.23,-0.45,-1.11
196308,3.8,2.15,1.32,2.29,4.73,5.4,4.65,4.36,4.33,8.23,5.36,4.86,5.63,4.72,5.15,5.59,4.81,6.12,7.56,5.35,5.77,4.22,4.77,8.16,6.25
196309,-2.7,0.26,-1.09,-1.59,-0.38,-3.92,-1.57,-0.64,-1.13,-2.91,-4.65,-1.39,-0.69,-0.1,-1.82,-2.67,-1.95,-2,-3.58,-1.99,-1.37,-0.77,-0.98,-0.12,-3.82
196310,1.36,-0.63,1.24,0.05,2.37,1.19,4.3,2.34,2.26,3.93,2.26,0.57,2.7,2.16,1.07,-0.25,0.93,2.3,5.34,0.61,5.33,1.73,-0.26,2.36,0.48
196311,-3.11,-4.32,-1.6,-1,-1.11,-4.18,-1.76,-0.71,-0.09,-0.11,-2.92,-1.61,-0.91,-0.9,-1.21,-0.91,-0.86,-0.51,1.15,3.54,-1.26,0.98,-1.55,-2.05,1.37
196312,-2.94,-0.55,-0.9,-1.75,-0.97,-0.68,-0.91,1.15,0.97,0.12,0.6,1.18,1.52,1.52,0.47,-0.17,1.27,1.63,3.14,6.15,2.62,2.3,2.28,2.38,2.37
196401,3.95,3.17,4.11,4.22,4.87,-1.8,-0.64,3.67,1.49,4.23,0.5,0.42,2.53,4.03,3.22,-0.43,1.84,1.14,3.62,3.34,3.09,3.17,1.8,2.11,1.42
196402,3.14,2.66,2.26,0.3,4.49,1.62,1.73,2.51,2.01,6.1,0.31,2.57,1.8,3.58,4.01,2.61,1.36,3.13,7.45,4.61,1.82,0.52,1.03,3.87,3.96
196403,0.63,1.11,2.38,3.64,2.71,2.32,3.24,3.47,5.69,6.15,-0.63,2.58,4.51,5.55,6.75,1.78,2.74,5.42,6.95,0.72,1.16,0.72,3.8,4.01,-0.39
196404,-1.7,2.58,-0.41,-1,-0.9,-0.76,-4.07,0.61,-1.49,-0.66,-2.01,-1.13,0.34,-0.85,-1.02,-2.72,0.84,1.45,-2.06,-2.28,0.23,1.49,0.77,-1,2.81
196405,-1.4,-1.17,0.47,0.45,1.47,3.12,0.36,2.96,1.82,3.74,-0.49,1.73,-0.29,1.94,2.5,1.2,2.36,1.36,2.61,4.1,2.07,0.32,1.26,4.22,3.45
196406,1.92,0.63,1.28,0.77,1.09,0.88,1.68,1.6,1.15,2.21,0.86,2.31,2.24,2.48,1.24,1.09,1.33,1.13,2.88,3.11,0.97,2.91,0.21,1.37,2.46
196407,0.85,3.88,3.27,2.64,4.71,1.06,1.72,4.14,3.11,2.45,2.81,2.62,3.03,3.28,1.24,1.15,3.4,1.57,1.77,3.12,2.58,0.69,3.95,1.79,1.09
196408,1.27,-1.91,-1.79,-0.92,-0.49,-1.79,-2.55,-1.06,0.32,-1.85,-2.78,-0.71,0.57,-0.2,-2.02,-1.02,0.19,1.02,-0.02,-0.24,-1.28,-1.54,-0.07,-0.86,-3.25
196409,4.69,4.03,5.91,2.73,3.98,3.54,2.27,2.56,2,4.75,1.76,2.16,3.23,3.23,3.77,3.05,3.35,4.3,4.85,4.76,3.11,1.18,4.44,4.59,6.54
196410,1.7,0.37,2.64,2.21,3.36,-1.48,1.9,2.07,1.31,1.36,3.21,3.39,1.75,1.37,2.72,1.15,1.21,1.27,3.19,3.48,0.33,1.04,0.35,0.38,3.87
196411,-0.16,-0.41,0.72,0.75,0.52,-0.7,-0.25,0.09,-0.6,-1.76,1.61,0.7,-0.02,0.43,0.16,0.75,1.51,-0.61,-0.83,-4.06,1.04,-0.28,1.49,-1.35,-4.69
196412,-1.51,-1.4,-2.29,-2.62,-1.84,1.43,0.08,0.74,-2.21,-0.95,0.12,0.8,-0.39,-1.81,-0.91,0.89,0.05,-1.62,-0.96,-1.44,0.83,1.32,-0.93,-1.18,-1.31
196501,8.56,5.83,6.07,7.22,8.77,7.65,5.98,5.61,5.99,6.18,5.2,6.21,5.11,6.06,6.97,6.66,4.13,5.23,5.12,7.49,4.7,1.26,3.1,3.6,3.55
196502,1.58,1.07,2.44,3.04,3.73,3.44,4.02,3.7,3.49,3.59,3.9,4.76,4.79,2.89,3.44,1.43,3.51,3.99,3.2,1.79,0.18,-0.18,0.08,-0.38,-1.24
196503,1.4,2.72,1.25,2.4,3.25,2.02,-1.5,0.99,1.3,0.59,-0.29,-0.11,-0.3,1.45,0.64,-0.59,-0.35,-0.48,0.44,2.09,-1.32,-1.66,-1.64,-0.6,0.29
196504,3.38,4.86,5.17,4.07,4.6,0,4.51,4.61,4.7,5.14,2.8,2.93,4.32,3.53,6.8,2.69,2.93,4.67,4.39,2.64,4.59,1.87,2.11,2.15,4.26
196505,-0.6,-2.32,-1.55,-0.41,-1.27,1.27,-1.37,-0.81,-0.33,-2.16,-0.41,0.67,-1.48,-0.81,-0.58,-1.1,-0.03,-0.95,-0.36,-3.31,-0.72,0.93,-0.23,-0.6,-3.42
196506,-12.4,-10.76,-9.53,-8,-9.57,-10.38,-8.35,-9.05,-8.33,-8.29,-6.96,-9.31,-8.44,-8.73,-8.38,-6.46,-6.92,-8.15,-8.66,-8.97,-4.43,-3.58,-4.98,-3.65,-5.43
196507,2.44,3.74,3.2,2.29,4.33,3.88,1.25,2.69,3.73,4.29,1.39,4.52,2.51,4.49,4.65,2.71,3.1,4.18,2.61,5.79,1.52,-0.04,1.89,3.87,5.06
196508,2.91,5.42,5.38,3.8,3.93,7.46,3.89,4.82,4.45,4.1,8.15,5.05,7.65,3.65,5.91,4.19,4.02,5.34,3.1,4.34,3.26,1.36,3.49,1.12,2.4
196509,3.08,6.18,1.62,3.94,3.14,5.55,3.59,2.85,4.87,2.92,2.56,4.3,2.44,5.15,4.65,3.73,3.73,1.23,2.88,3.83,3.93,2.32,2.48,3.52,3.25
196510,5.97,8.65,6.73,5.63,9.04,4.7,5.95,4.06,5.39,5.38,4.51,4.83,5.68,5.67,5.1,4.22,3.18,2.93,4.32,7.87,3.14,0.27,3.05,4.42,5.48
196511,3.59,6.28,3.04,8.09,6.63,1.43,5.51,4.22,5.43,4.05,3.54,3.38,5.29,3,2.65,3.39,2.81,3.37,1.02,6.08,-0.3,-1.85,1.25,-1.28,-2.27
196512,6.41,7.23,2.66,3.87,4.97,3.75,4.96,4.36,2.39,7.37,2.78,1.33,4.02,1.46,5.63,1.18,1.34,1.62,4.45,4.78,1.01,-0.21,1.26,2.8,2.96
196601,5.88,6.08,8.45,9.58,9.24,4.94,5.42,5.15,5.32,6.4,4.11,2.84,2.92,4.7,6.01,0.62,2.05,4.95,4.18,5.7,-0.37,-0.64,1.73,3.06,3.5
196602,6.49,6.16,1.87,4.64,6.12,5.09,5.19,1.95,-0.21,3.53,-0.12,1.86,4.31,2.42,2.9,2.31,-1.57,0.64,0.69,3.55,-1.33,-2.27,-1.69,-1.97,-2.06
196603,0.43,-0.85,-1.7,-0.84,-1.1,0.18,-1.69,-2.13,-3.63,-1.56,-1.72,-4.71,-2.36,-3.34,-3.71,-0.08,-1.39,-3.3,-2.54,-4.22,-1.47,-3.42,-1.09,-2.15,-4.5
196604,10.51,4.68,5.79,6.93,3.89,2.7,5.19,3.73,7.7,8.8,3.81,4.05,3.13,4.49,2.4,4.04,2.49,3.46,4.77,0.34,2.11,1.87,1.22,2.41,2
196605,-12.3,-13.06,-10.87,-10.76,-11.79,-9.82,-10.04,-8.89,-10.03,-9.18,-6.29,-7.03,-7.64,-10.58,-9.48,-5.11,-5.16,-6.71,-8.78,-10.76,-4.19,-3.87,-4.73,-5.51,-5.45
196606,-0.68,-0.52,1.28,1.54,0.37,1.36,0.43,0.3,-0.65,0.25,0.39,-0.52,2.69,-0.46,-0.68,-1.06,-0.36,0,3.55,-0.08,-2,-1.48,-0.69,0.86,-0.69
196607,-2,-1.94,-2.41,-0.02,-1.03,-3.51,-0.94,-1.11,-1.69,-1.69,-1.03,-1.85,-0.82,-1.04,-1.28,-0.92,-1.37,-1.98,-2.63,-2.38,-1.69,-1.49,-0.61,0.91,-1.33
196608,-11.98,-10.59,-9.88,-11.08,-10.38,-13.21,-10.24,-9.55,-9.68,-10.91,-10.68,-8.72,-8.04,-9.83,-8.79,-9.28,-7.66,-7.88,-6.92,-9.4,-7.19,-8.75,-5.7,-6.19,-7.96
196609,-1.88,-2.08,-1.73,-1.89,-1.24,-2.02,0.85,-2.19,-1.82,-2.09,-2.19,-4.6,0.25,-0.44,-1.08,-0.96,0.15,-1.19,-3.2,-0.38,-1.31,1.01,0.48,0.28,-1.62
196610,-7.92,-4.77,-4.6,-1.16,-1.39,-5.64,-0.46,-0.94,0.32,-0.21,-1.87,1.63,3.36,4.76,1.65,0.25,4.95,3.76,3.94,1.93,2.94,5.63,9.2,6.27,6.51
196611,8.44,3.68,4.67,2.46,3.56,7.76,2.73,7.62,1.93,2.69,9.34,6.78,0.94,4.81,0.51,8.45,1.3,1.55,1.94,0.79,3.67,1.9,-2.53,-1.43,-1.07
196612,4.1,2.83,2.42,0.85,0.2,4.75,3.05,1.09,2.24,0.7,3.19,3.36,0.79,3.16,-0.48,3.13,2.32,1.5,3.66,1.95,-0.87,0.08,1.46,-0.14,-0.12
196701,20.42,20.57,19.27,20.6,17.44,16.97,16.06,18.04,17.39,20.47,16.98,14.2,12.32,13.39,14.38,9.96,6.68,10.67,10.99,13.53,7.73,7.1,4.87,7.86,13.79
196702,7.48,4.89,5.58,4.5,5.9,3.25,1.96,2.54,3.25,1.65,1.94,1.96,1.83,0.77,0.85,2.95,-0.4,-0.18,1.11,0.21,2.3,0.67,-0.79,-0.87,-1.33
196703,7.2,6.17,4.95,7.51,5.24,6.87,5.92,7.4,6.57,6.26,5.63,5.56,4.49,7.93,4.33,5.69,4.27,6,4.46,5.98,4.26,3.09,3.15,4.67,5.32
196704,6.92,4.04,3.54,4.04,3.56,3.2,3.66,5.2,3.9,3.34,5.56,4.52,3.27,5.53,2.93,6.6,2.98,3.97,3.34,2.82,6.89,2.84,0.11,3.55,1.76
196705,0.36,0.4,-0.73,-0.89,-0.71,-1.28,0.76,0.29,-2.63,-3.57,-3.06,-1.62,-1.75,-0.01,-1.85,-2.35,-0.55,-2.21,-1.32,-0.65,-5.65,-4.21,-4.05,-3.7,-3.66
196706,15.79,9.37,12.59,12.29,10.05,10.24,6.23,7.56,9.41,5.99,5.36,8.26,3.91,4.97,3.67,3.12,2.32,3.79,6.78,6.13,1.42,0.4,1.62,2.9,3.09
196707,9.32,10.01,9.56,7.65,11.85,6.17,6.82,9.5,9.33,8.41,5.38,4.99,5.9,7.31,11.37,4.79,4.66,5.08,7.14,9.21,4.45,5.64,2.11,5.87,6.46
196708,-0.71,0.64,0.2,0.23,2.09,-1.18,-1.31,0.68,0.47,1.11,-3.03,0.77,1.32,1.33,-0.3,-0.91,-0.97,-0.69,1.11,3.92,-0.57,-1.02,-1.53,0.46,1.34
196709,11.76,10.17,8.28,7.66,4.86,5.1,5.89,7.08,5.59,3.11,5.66,1.72,2.89,4.56,2.67,3.73,1.54,2.26,3.53,0.46,3.8,3.15,3.26,1.62,0.25
196710,1.8,-3.98,-1.68,-1.63,-2.66,-0.77,-2.32,0.65,-2.85,-5.07,-3.5,-1.08,-3.61,-3.02,-2.49,-4.48,-5.5,-5.25,-2.55,-5.55,-0.25,-4.02,-2.7,-6.15,-6.51
196711,-1.1,3.79,-1.15,-1.3,-1.1,1.09,0.58,2.44,0.39,0.12,2.69,0.83,0.73,-0.24,-0.92,3.44,0.37,-0.17,-0.11,-0.55,1.32,0.28,0.18,-0.55,0.06
196712,13.13,10.35,8.55,9.67,10.13,12.4,6.29,9.21,7.24,9.13,7.7,5.66,5.45,5.29,7.13,1.34,2.75,4.67,4.56,3.85,1.95,3.05,2.24,5.59,2.79
196801,3.14,2.57,2.9,3.37,6,-4.58,-2.17,-0.52,1.17,2.62,-6.87,-0.7,-0.75,-0.7,2.78,-7.93,0.16,-2.86,0.16,-0.53,-6.28,-5.85,0.59,-2.28,-3.85
196802,-10.1,-7.09,-5.44,-6.95,-5.58,-6.92,-6.43,-8.98,-3.55,-5.67,-6.9,-3.93,-3,-2.36,-4.59,-5.41,-3.46,-2.79,-5.02,-4.11,-3.02,-2.21,-2.08,-3.25,-1.9
196803,-1.52,-0.01,-0.34,-2.02,-0.08,-0.39,-1.94,-0.14,-1.19,-0.64,2,-0.4,-2.42,0.77,-0.15,0.49,-0.19,-1.21,0.23,-0.24,3.09,-1.38,-0.33,-1.79,2.03
196804,21.57,17.49,16.19,16.49,15.77,18.99,12.91,17.78,12.25,12.8,16.16,12.1,8.38,10.24,17.86,12.67,7.32,8.31,12.8,11.89,10.74,7.4,3.31,9.41,10.51
196805,10.75,12.58,10.78,11.89,11.74,11.92,7.72,8.16,7.58,7.24,8.8,4.71,4.84,5.06,6.97,4.58,4.65,3.02,2.77,6.2,2.26,1.26,-0.8,-0.98,4.65
196806,-1.08,0.1,1.64,1.77,0.19,-1.14,1.76,-1.48,1.63,0.28,-2.02,3.38,3.49,1.75,1.39,-0.03,4.01,3.93,2.88,-2.44,-0.08,0.62,4.18,3.18,-1.6
196807,-4.9,-4.58,-3.73,-1.52,0.81,-8.87,-4,-2.24,-0.04,-0.29,-5.75,-3.88,-3.58,-0.92,-0.19,-5.53,-3.64,-4.18,-1.36,-2.21,-5.28,-0.97,2.29,0.93,1.14
196808,4.54,5.79,4.86,4.1,4.83,1.57,3.39,3.81,1.28,7.08,3.12,3.32,2.78,2.53,4.96,1.69,1.22,2.01,2.17,3.08,1.1,0.68,1.79,1.65,2.9
196809,7.16,8.48,6.93,5.94,6.32,7.09,6.35,7.17,6.18,6.27,7.14,6.8,3.39,6.03,6.38,6.93,6.07,4.77,6.8,5.9,2.04,5.3,2.31,4.25,8.3
196810,-2.05,-0.03,1.4,0.65,1.66,-0.31,0.73,1.83,2.37,0.95,-0.1,2.55,3.13,2.56,0.82,-0.12,0.5,2.41,0.8,2.61,-1.74,2.14,1.88,3.75,1.15
196811,6.75,7.7,6.5,6.59,6.98,10.08,9.1,8.33,8.93,5.88,8.46,7.16,7.96,9.75,7.73,6.96,7.91,7.2,7.22,8.36,6.27,3,5.71,4.54,3.8
196812,4.07,2.34,0.69,-0.25,0.54,-0.1,0.62,-1.45,-3.04,-3.54,-2.66,-4.01,-1.33,0.23,-2.87,-4.02,-4.52,-4.12,-1.45,-0.64,-5.34,-4.4,-3.16,-3.46,-3.03
196901,-0.53,-2.12,-1.93,-1.31,-1.34,-2.69,-1.04,-1.52,1.26,0.64,-3.32,-1.12,-0.52,-1.16,-1.21,-2.18,0.31,-0.16,-0.28,1.27,-2.15,-0.43,0.8,-0.36,1.62
196902,-12.38,-10.73,-9.05,-8.67,-8.72,-11.05,-8.09,-4.92,-7.11,-7.44,-9.17,-8.41,-6.08,-7.06,-5.79,-8.17,-7.55,-4.94,-7.21,-8.73,-3.35,-3.11,-5.09,-4.6,-6.22
196903,3.13,2.47,3.56,4.16,2.39,4.23,1.67,2.14,0.38,5.41,2.1,2.64,0.87,2.55,2.74,4.65,-2.15,2.49,1.69,3.56,4.22,2.9,3.71,1.95,4.91
196904,1.05,-0.49,1,2.49,0.11,1.55,1.22,1.06,-0.55,4.68,2.43,0.12,0.33,2.09,0.48,2.87,2.38,0.43,-0.6,1.72,3.72,1.16,0.87,3.02,0.82
196905,1.03,0.81,1.01,0.79,0.45,-1.96,-1.53,-0.96,0.07,0.49,0.13,0.22,1.33,1.49,-1.89,-0.17,-0.97,1.51,1.19,-2.47,-0.49,0.55,0.97,1.45,0.63
196906,-14.64,-12.92,-13.46,-12.59,-12.32,-12.18,-11.05,-9.15,-10.05,-10.94,-10.46,-9.49,-11.2,-9.84,-9.05,-7.08,-8.77,-7.26,-8.51,-8.42,-1.59,-6.82,-7.45,-6.66,-8.45
196907,-13.01,-11.49,-10.84,-10.46,-7.92,-10.76,-9.94,-8.45,-6.45,-8.37,-9.95,-10.52,-6.51,-6.2,-7.47,-6.63,-8.12,-7,-5.61,-8.02,-4.09,-5.95,-6.37,-8.16,-5.62
196908,5.13,4.84,4.95,3.29,2.76,7.15,6.5,4.26,3.27,2.67,9.7,8.72,6.98,2.59,5.67,9.92,5.43,4.57,3.48,2.8,7.02,4.71,3.81,4.43,1.93
196909,-2.98,-5.03,-5.07,-2.21,-3.44,1.64,-0.5,-2.02,-0.79,-1.42,0.26,0.14,-1.76,-1.93,-3.7,0.59,-1.45,-2.45,-3.15,-3.44,-0.48,-2.3,-2.43,-5.69,-4.58
196910,14.12,12.42,9.25,7.94,6.33,11.24,8.37,6.86,6.06,6.97,8.89,6.81,7.43,8.71,6.84,8.95,7.28,8.32,6.24,5.36,5.93,5.22,4.51,2.2,3.77
196911,-8.44,-7.21,-6.15,-6.04,-7.39,-3.49,-5.59,-3.13,-5.4,-5.32,-4.59,-4.71,-6.6,-3.61,-5.59,-2.13,-3.86,-3.24,-5.26,-5.98,-1.4,-3.72,-3.76,-4.52,-1.95
196912,-8.22,-7.39,-6.04,-8.22,-8.65,-4.14,-5.97,-7.27,-6.08,-6.03,-2.93,-1.73,-4.17,-4.85,-4.88,0.43,-4.29,-1.91,-1.91,-4.09,0.95,-1.43,-1.49,-1.81,-5.23
197001,-4.78,-3.41,-3.88,-2.47,0.11,-6.92,-6.77,-2.11,-3.61,-1.8,-9.51,-6.46,-8.13,-3.67,-3.55,-7.94,-11.39,-7.76,-6.11,-5.89,-8.48,-6.83,-8.21,-9.67,-4.27
197002,2.24,3.43,4.09,3.18,4.29,2.72,3.05,2.56,8.2,7.06,3.93,2.07,5.92,5.37,7.48,4.3,4.89,6.65,8.71,6.92,3.54,5.13,9.09,6.9,8.17
197003,-6.52,-5.24,-2.52,0.31,-1.29,-5.88,-2.58,-0.24,0.03,0.69,-3.86,-0.64,-1.21,1.87,0.78,-4.17,0.18,1.45,0.81,2.23,-2.43,-0.22,2.85,0.64,1.63
197004,-24.14,-18.85,-14.96,-12.98,-12.02,-22.17,-16.85,-15.08,-10.64,-11.16,-20.32,-14.29,-13.24,-9.13,-10.76,-15.71,-14.92,-9.8,-9.71,-9.36,-10.53,-8.24,-8.97,-6.99,-7.98
197005,-10.2,-10.16,-9.16,-8.12,-10.45,-13,-8.09,-10.86,-8.38,-8.16,-11.15,-10.74,-13.12,-6.58,-7.6,-11.01,-9.68,-7.49,-7.43,-8.27,-8.09,-6.08,-5.06,-0.05,-4.02
197006,-12.13,-8.68,-7.3,-8.28,-6.03,-10.47,-6.69,-8.22,-7.11,-6.06,-8.3,-4.63,-6.88,-4.76,-7.2,-2.51,-5.16,-3.76,-3.3,-10.66,-6.29,-4.01,-3.66,-2.06,-8.17
197007,4.82,5.6,5.11,6.46,3.83,6.83,7.26,5.92,10.7,7.8,7.53,6.81,9.94,5.5,7.19,6.24,9.64,8.05,9.05,11.24,4.39,8.21,9.02,10.65,6.14
197008,5.6,6.45,7.14,6.77,6.33,9.66,9.16,5.77,7.77,4.54,5.82,7.92,6.09,5.72,7.8,4.6,8.16,4.03,5.44,6.59,3.99,5.17,4.41,4.88,6.2
197009,22.15,16.54,15.64,11.59,11.59,18.09,18.63,9.5,7.3,9.6,15.17,9.84,9.14,5.14,6.08,9.64,6.07,4.81,3.72,8.17,7.18,0.32,-0.22,0.26,4.39
197010,-11.13,-7.45,-11.29,-6.52,-5,-4.48,-7.96,-6,-3.85,-4.41,-5.86,-4.26,-6.42,-2.64,-4.63,-2.67,-3.39,-3.28,-3.39,-6.21,-0.08,-0.96,-3.58,0.13,-3.77
197011,-4.72,-2.12,-2.09,0.38,0.21,0.78,1.24,3.16,5.73,3.85,2.93,3.07,4.75,4.87,1.96,4.66,3.18,6.16,8.47,4.8,5.16,6.77,5.03,5.94,5.68
197012,6.98,7.32,10.44,11.58,10.75,8.75,8.25,8.14,9.37,9.68,6.27,9.61,11.28,7.72,9.06,6.27,10.47,8.41,9.93,7.8,4.68,5.78,7.69,5,6.91
197101,15.27,13.78,16.31,14.12,15.93,7.54,13.19,12.62,10.9,13.08,8.25,8.85,11.18,7.81,8.68,5.26,7.21,5.04,8.67,13.84,4.1,4.31,3.3,3,4.03
197102,8,7.47,6.1,3.32,4.06,4.03,3.58,2.79,1.34,0.89,4.07,1.94,2.29,1.32,1.84,3.39,3.15,0.27,3.18,1.34,2.34,0.35,0.63,0.5,1.25
197103,8.34,4.63,7.86,6.49,5.13,7.95,6.67,5.89,4.37,1.39,10.41,9.3,3.45,3.32,4.68,6.97,5.99,4.69,2.32,3.53,5.86,2.9,4.83,1.48,2.5
197104,0.78,3.26,2.24,2.74,1.86,2.21,2.6,2.09,3.6,7.03,6.19,4.73,4.8,2.2,8.05,2.8,3.31,1.95,4.02,9.22,3.63,5.66,0.71,2.56,6.15
197105,-6.6,-5.1,-7.34,-4.96,-6.57,-3.5,-5.54,-4.73,-4.63,-4.47,-4.57,-2.56,-4.92,-3.74,-3.1,-2.23,-3.36,-4.12,-3.06,-4.45,-2.43,-4.35,-4.1,-5.05,-3.65
197106,-0.42,-3.59,-2.29,-1.24,-2.16,3.97,-2.37,0.43,-2.02,-3.36,-1.69,1.74,-1.5,-1.85,-2.49,1.14,1.13,2.42,0.66,-3.94,1.24,-0.85,-0.36,0.88,-0.28
197107,-8.62,-8.06,-7.25,-6.03,-5.91,-6.41,-4.72,-3.46,-6.45,-5.74,-8.02,-4.53,-3.28,-5.81,-4.69,-3.6,-4.21,-3.81,-4.13,-7.68,-3.98,-4.01,-3.39,-3.3,-5.49
197108,3.29,4.38,2.81,4.57,5.63,4.08,7.07,3.3,6.04,7.79,6.55,4.93,1.92,7.5,9,6.94,4.33,2.15,3.49,10.38,5.4,4.72,-1.36,1.97,13.59
197109,1.21,2.09,-0.12,-0.64,-2.37,2.1,-1.18,-2.1,-1.66,-2.83,1.13,0.31,-0.68,-1.33,-2.98,1.91,-1.03,-0.45,-0.09,-4.55,0.34,-1.16,-1.23,-1.45,-2.15
197110,-7.86,-6.78,-7.09,-4.47,-7.25,-5.96,-5.32,-3.06,-4.35,-6.66,-7.99,-6.32,-3.18,-4.69,-5.25,-3.22,-3.4,-2.27,-5.55,-5.85,-3.49,-5.43,-3.49,-2.71,-4.02
197111,-3.27,-5.79,-3.76,-4.4,-5.59,-1.89,-2.2,-1.45,-2.63,-2.74,-1.92,-1.15,-0.58,-4.19,-4.72,0.21,-1.77,-2.72,0.54,-4.2,1.1,0.79,0.11,-0.55,0.28
197112,14.49,14.24,10.74,11.77,13.39,13.07,14.08,12.78,11.02,12.65,14.12,9.5,10.17,11.93,12.38,12.33,9.86,8.89,8.13,12.51,8.45,9.58,8.67,6.93,8.94
197201,13.22,13.38,11.86,10.78,14.83,9.4,6.43,5.6,6.67,11.03,6.06,4.03,2.9,5.87,8.48,3.11,1.95,1.3,3.15,8,2.75,0.66,-0.8,0.82,6.38
197202,3.03,5.48,4.16,4.25,3.53,5.08,4.4,4.35,1.8,4.12,6.88,4.1,2.05,-0.52,1.96,5.4,1.82,0.13,2.09,0.37,4.6,2.41,1.14,0.37,0.06
197203,2.96,0.1,-1.93,-1.53,-0.44,1.9,1.79,-0.98,-0.18,-1.6,2.44,1.22,2.13,0.33,-1.75,0.8,-0.22,2.73,1.72,1.17,2.59,0.78,-3.53,-1.9,2.86
197204,-1.23,0.19,-1.07,1.32,1.06,-0.3,0.84,1.99,1.8,1.69,1.6,-0.65,-0.07,0.51,0.18,-0.87,-0.77,-0.24,1.15,3.52,0.9,1.57,-0.22,0.16,-1.09
197205,-1.57,-1.9,-4.14,-2.23,-2.29,-0.5,-1.64,-1.78,-3.46,-1.45,1.21,-1.78,0.99,-1.16,-3.45,3.67,-1.52,-1.29,-0.17,0.63,3.38,-0.51,3.07,1,-2.67
197206,-4.21,-4.67,-3.32,-3.15,-3.76,-4.42,-2.08,-1.34,-1.48,0.78,-0.11,-1.91,-4.05,-4.43,-5.84,-4.03,-1.82,-2.18,-4.47,-7.8,-0.65,-3.15,-2.85,-2.34,-6.67
197207,-7.19,-4.84,-4.31,-3.32,-2.81,-5.27,-4.84,-3.25,-1.74,-3.91,-3.25,-1.32,-3.37,-0.62,-0.85,-3.51,-4.18,-1.84,-0.12,-2.09,1.62,-1.23,0.15,-1.27,-1.65
197208,-1.62,-2.6,0.5,-0.02,2.24,-0.52,-1.67,2.27,1.49,4.99,0.3,2.03,3.02,5.25,4.17,-0.03,2.76,5.07,5.22,7.07,0.68,6.83,7.14,9,6.15
197209,-4.85,-4.81,-4.85,-3.73,-4.22,-3.52,-3.55,-2.07,-2.39,-3.31,-1.68,-2.59,-1.1,-1.86,-2.61,-1.89,-3.36,-0.55,-2.36,-4,0.19,-1.67,-1.74,1.96,-3.75
197210,-3.45,-3.27,-2.91,-2.11,-1.95,-4.04,-0.32,1.35,0.69,-0.65,-2.72,-0.78,1.3,0.65,0.46,-1.6,-0.45,1.52,2.3,-0.96,0.98,1.11,2.15,2.37,1.06
197211,-0.29,4.09,4.59,6.02,6,4.46,4.92,7.12,4.38,7.71,3.02,4.16,6.59,7.65,7.15,6.65,7.98,6.74,6.92,11.05,1.58,6.61,6.87,8.02,13.8
197212,-1.77,-2.42,-3.39,-2.63,-1.48,-0.64,-2.71,0.44,-3.47,-2.33,1,-0.38,-0.69,-1.1,-2.41,0.55,-1.22,-0.78,-1.77,-4.41,3.71,-0.17,-0.74,0.04,-2.64
197301,-7.96,-5.07,-2.75,-3.55,-1.4,-10.64,-5.53,-6.93,-2.78,-5.88,-7.49,-7.55,-6.01,-3.83,-4.63,-6.49,-7.44,-5.7,-3.44,-4.25,-1.58,-3.92,-1,0.61,-4.36
197302,-14.07,-8.75,-8.41,-8.13,-6.02,-14.02,-7.93,-7.63,-5.75,-5.57,-10.96,-8.14,-7.93,-2.97,-6.95,-8.48,-7.58,-4.52,-3.68,-2.07,-2.12,-3.14,-4.86,-5.88,-3.38
197303,-7.04,-4.13,-2.58,-0.98,-1.82,-4.94,-2.57,-2.5,-2.04,-0.15,-4.9,-4.33,-2.06,-1.68,-0.58,-3.94,-3.98,-1.96,-2.13,0.82,-0.84,-1.04,1.83,1.88,1.57
197304,-11.85,-9.75,-6.85,-6.07,-5.41,-14.29,-9.31,-5.84,-4.11,-4.88,-11.23,-6.4,-3.91,-3.64,-4.08,-10.97,-8.18,-2.9,-2.93,-4.64,-5.93,-3.41,-2.13,-0.69,-2.77
197305,-11.46,-10.83,-9.29,-7.73,-8.27,-11.18,-9.37,-7.58,-6.38,-9.09,-9.14,-8.2,-4.87,-2.88,-6.84,-7.15,-7.68,-2.24,-2.47,-4.55,0.19,-1.2,-0.9,-3.27,-5.61
197306,-5.13,-4.01,-4.33,-3.07,-2.34,-6.96,-4.05,-2.87,-2.06,-1.6,-6.52,-2.83,-1.86,-0.87,-2.92,-4.66,-4,-2.93,-0.99,-3.73,-0.39,-0.3,0.71,-0.69,-2.03
197307,18.95,16.05,12,13.57,10.4,22.12,13.17,10.99,6.97,9.9,18.95,9.73,7,2.14,7.71,15.29,9.34,6.96,3.06,8.92,5.4,5.46,-0.18,2,4.22
197308,-5.4,-6.97,-5.77,-5.95,-4.5,-3.17,-6.93,-4.74,-5.12,-4,-3.19,-4.27,-4.03,-2.47,-0.77,-2.84,-0.84,-2.1,-3.1,-0.11,-3.59,-2.43,-3.7,-2.38,0.78
197309,11.66,10.88,6.82,7.8,6.91,11.18,11.33,11.58,7.07,10.26,11.25,10.19,10.24,8.87,10.49,10.08,11.81,11.59,9.77,10.52,-0.13,7.77,8.72,8.58,8.27
197310,-2.89,0.35,0.84,0.4,1.33,-3.19,-3.43,1.37,1.03,1.45,-3.53,2.56,0.28,-0.53,1.36,-3.01,-1.4,1.28,-0.43,1.79,0.4,-0.7,0.29,-3.01,2.55
197311,-24.89,-21.64,-18.94,-16.69,-18.07,-23.39,-20.26,-19,-15.77,-15.94,-22.9,-18.2,-16.12,-12.2,-16.08,-19.92,-17.24,-14.37,-12.09,-14.88,-10.72,-12.72,-10.8,-6.33,-8.25
197312,-4,-4.84,-3.97,-2.83,-4.16,-0.36,-4.85,-0.98,-1.29,-0.89,-1.64,0.86,0.66,0.6,2.36,-0.52,3,6.72,2.88,6.58,-2.1,0.88,7.24,5.03,11.13
197401,10.22,14.32,14.87,12.68,18.93,4.46,11.51,9.73,10.85,13.46,5.7,4.41,8.54,7.67,11.56,-1.64,2.1,2.92,7.73,5.48,-1.98,0.64,-2.89,0.74,-0.08
197402,-0.32,-1.36,-0.23,-0.15,1.11,0.4,1.25,1.2,1.87,4.13,-2.71,0.08,1.6,0.48,2.34,-2.39,0.68,2.41,1.81,3.49,-1.32,1.81,-0.95,2.82,3.81
197403,0.21,-0.91,0.5,1.48,1.95,-1.61,2.3,-1.55,-0.95,0.65,-1.62,-1.16,-3.23,-1.56,-1,-2.51,-3.39,-4.73,-2.93,-2.23,-1.53,-3.54,-2.33,-3.48,-4.76
197404,-4.66,-5.99,-5.11,-5.44,-4.18,-8.28,-6.48,-5.68,-4.03,-3.38,-6.24,-7.1,-4.58,-5.92,-2.36,-7.3,-7.04,-5.97,-6.68,-1.6,-3.04,-4.24,-5.02,-6.07,-5.42
197405,-8.23,-7.69,-8.11,-6.91,-6.1,-6.5,-7.59,-7.62,-7.17,-7.57,-7.03,-9.44,-6.65,-7.04,-8.3,-6.55,-8.72,-5.37,-6.02,-7.23,-0.34,-3.54,-5.6,-3.33,-7.8
197406,-3.35,-3.3,-2.23,-2.31,-1.45,-3.77,-3.33,-2.79,-0.51,-0.48,-4.39,-2.7,-3.5,-4.4,-0.46,-2.26,-3.52,-2.8,-4.61,-4.43,-1.5,-2.73,-1.8,-2.12,1.57
197407,-8.7,-5.62,-5.12,-4.71,-3.83,-7.26,-3.86,-4.19,-3.64,-3,-6.72,-2.6,-2.13,-3.13,0.97,-8.71,-5.93,-2.32,-0.87,-0.8,-11,-3.95,-3.86,-4.1,-5.1
197408,-9.49,-8.16,-7.65,-7.48,-6.91,-9.69,-11.04,-6.37,-7.83,-5.37,-11,-10.32,-6.68,-6.9,-6.87,-11.65,-8.79,-8.33,-6.71,-6.16,-9.93,-7.59,-4.52,-7.75,-8.64
197409,-13.57,-8.34,-6.78,-6.93,-8.42,-12.09,-7.04,-8,-7.77,-7.03,-13.04,-8.92,-6.87,-4.64,-6.45,-11.69,-7.13,-4.99,-6.34,-8.12,-14.73,-9.81,-4.76,-5.13,-6.63
197410,15.5,7.13,7.02,7.77,9.66,16.03,10.74,7.41,7.59,6.62,18.64,10.79,7.06,8.56,10.19,21.2,13.06,11.53,9.66,10.35,22.35,14.28,12.79,10.58,1.31
197411,-6.33,-5.55,-4.88,-5.31,-6.68,-5.26,-4.57,-3.95,-5.3,-6.84,-4.42,-4.09,-2.98,-4.15,-1.94,-2.16,-0.45,-1.39,-3.85,-6.6,-4.62,-3.37,-3.96,-2.32,-4.11
197412,-7.4,-8.13,-7.35,-7.43,-9.16,-6.22,-6.17,-5.84,-6.67,-5.76,-5.6,-4.4,-4.17,-5.1,-7.23,-4.34,-2.48,-4.08,-2,-9.65,-3.8,0.37,1.52,-1.04,1.88
197501,26.43,29.53,28.16,27.76,33.27,21.92,26.12,26.27,27.42,30.04,19.04,25.03,21.94,23.4,29.2,15.2,20.44,24.01,24.36,27.9,9.29,13.6,13.96,19.76,15.66
197502,7.53,5.42,3.06,3.55,4.92,9.09,6.62,1.49,3.7,2.09,7.32,3.17,2.83,4.7,4.66,6.56,2.37,1.91,3.23,2.53,9.62,2.93,3.48,2.11,-3.24
197503,9.13,10.56,9.01,7.98,9.77,6.38,6.82,7.16,5.84,8.38,5.88,7.04,3.81,7.3,5.32,5.98,6.49,5.35,5.37,4.21,2.68,2.1,-1.88,6.2,6.15
197504,7.07,6.29,4.22,2.83,3.06,6.45,3.96,2.6,1.5,4.27,5.45,5.32,4.95,3.86,3.28,6.95,3.16,2.51,6.09,4.51,5.57,5.23,0.2,5.3,5.02
197505,11.98,11.05,8.46,7.77,6.65,11.82,7.77,7.06,7.86,7.8,5.38,8.18,4.32,8.24,1.24,7.65,5.92,5.46,4.14,5.25,5.01,8.06,5.24,-0.27,0.96
197506,5.95,7.7,7.47,8.87,7.96,9.76,7.1,6.9,8.43,2.82,5.72,5.16,7.2,6.03,4.74,5.18,7.9,7.1,10.57,8.16,3.58,6.87,5.07,6.75,7.43
197507,-1.51,0.24,-1.64,-0.32,-0.64,-3.25,-3.35,-2.35,-3.71,-4.09,-5.24,-3.41,-3.59,-3.82,-5.97,-7.3,-6.4,-4.46,-4.28,-6.84,-8.15,-4.17,-4.5,-5.68,-1.55
197508,-7.04,-6.42,-4.91,-5.36,-7.66,-4.42,-4.06,-5.25,-4.14,-8.34,-4.01,-3.34,-3.46,-4.22,-5.64,-4.53,-3.51,-2.73,-2.44,-0.69,-2.02,-1.8,-1.78,2.3,-4.46
197509,-5.34,-2.4,-3.39,-2.95,-3.9,-3.34,-4.01,-3.51,-3.38,-4.94,-5.3,-2.84,-3.9,-4.03,-4.03,-4.4,-3.16,-3.64,-3.43,-4.45,-4.53,-1.32,-2.37,-4.38,-5.35
197510,1.5,1.41,2.72,2.75,0.96,2.13,4.13,1.54,3.7,4.89,2.03,3.86,3.6,5.09,0.37,5.65,5.89,6.96,5.23,6.93,7.18,5.65,4.45,6.75,3.9
197511,0.09,2.03,2,2.46,3.65,0,3.3,1.97,4.31,3.89,2.01,2.89,4.69,4.21,1.1,3,3.84,3.66,7.77,6.04,3.34,2.22,3.05,2.91,4.68
197512,-0.91,-1.33,-1.13,-0.98,-1.38,-2.66,-1.37,0.69,-0.72,-2.08,-0.96,-0.76,0.69,-0.34,3.06,-2.09,0.79,0.01,-0.39,-0.78,-2.67,0.88,0.27,0.67,5.25
197601,15.87,16.93,21.34,22.44,26.88,12.87,16.72,16.7,21.37,26.77,16.21,15.07,16.94,18.56,22.28,12.78,13.43,16.35,18.83,22.6,11.03,9.49,14.04,17.17,15.16
197602,9.84,7.45,10.37,12.39,15.81,7.6,6.29,7.3,8.52,11.55,3.99,3.76,5.48,7.31,13.26,0.51,3.24,4.28,5.39,3.94,-2.31,1.4,-0.86,-0.87,9.44
197603,3.56,2.27,2.07,0.75,1.6,1.25,0.62,0.27,1.28,2.32,0.89,0.87,1.9,2.12,1.94,1.11,2.26,1.13,1.49,6.8,2.96,3.6,3.38,2.72,-1.01
197604,-1.45,-0.79,-2.77,-1.13,-1.66,-0.97,-1.72,-0.77,-0.94,-1.58,-1.53,0.03,-0.57,-1.16,-0.49,-1.49,-1.31,-0.67,-2.14,-3.73,-2.26,0.3,1.79,0.71,1.14
197605,-1.82,-1.69,-1.53,-3.54,-4.82,-0.99,-1.97,-0.69,-2.65,-4.39,-1.79,-1.35,-1.63,-1.46,-3.1,-2.18,-1.22,-1.01,-3.43,1.23,-1.06,0.55,-0.82,-2.33,1.38
197606,4.18,2.26,2.08,3.15,2.03,2.37,3.15,3.61,3.35,6.2,4.56,5.28,6.59,4.53,8.13,4.24,4.92,7.17,7.97,3.91,4.46,3.98,5.6,5.93,2.94
197607,-1.12,-1.83,0.77,-0.3,1.13,-0.98,-0.16,2.63,0.22,1.44,-1.63,-0.5,0.49,0.77,0.15,-1.66,0.61,0.46,1.55,1.39,-1.62,0.19,0.18,-0.59,2.7
197608,-4.33,-1.54,-1.18,-1.43,-1.57,-4.32,-1.94,-2.7,-1.18,-1.3,-2.72,-1.25,-1.05,-0.25,-4.04,-2.71,0.45,1.56,-1.22,0.43,-0.17,0.42,1.95,-0.78,0.77
197609,2.22,2.01,1.03,2.19,1.95,4.16,4.2,2.63,3.34,1.92,3.54,2.61,2.66,2.81,0.89,2.35,2.17,2.88,2.88,1.31,1.57,4.4,3.26,3.9,-1.1
197610,-2.8,-1.48,-1.58,-1.53,-2.35,-2.84,-3.09,-2.31,-1.3,-1.28,-3.27,-0.12,-1.57,-1.07,-3.67,-2.32,-1.54,-1.16,-1.67,-2.95,-2.51,-2.5,-0.65,-3.28,-4.13
197611,5.72,3.22,1.92,2.56,2.8,3.15,3.46,2.9,4.2,5.09,3.75,3.36,3.29,4.35,7.1,4.31,3.33,3.28,1.88,1.68,-1.66,0.14,2.08,1.99,3.98
197612,10.84,9.45,9.55,10.94,10.03,9.18,9.31,9.43,9.41,11.43,5.83,9.47,8.79,8.27,8.28,6.14,6.95,7.5,9.48,9.51,3.95,7.29,5.61,7.65,8.17
197701,2.84,4.35,2.67,4.55,5.76,-0.28,2.1,0.5,1.99,3.37,-2.32,-0.09,1.07,1.07,0.62,-4.41,-2.62,-2.54,0.15,1.6,-7.76,-3.34,-0.96,-1.85,0.4
197702,-0.48,-0.34,-0.47,-0.43,0.42,-1.66,-1.03,-0.41,0.16,-1.65,-3.99,-1.08,-2.43,0.34,-3.56,-3.03,-2,-2.04,-1.91,-2.21,-1.25,-3.29,-0.8,-1.91,-1.54
197703,0.07,0.24,1.49,1.43,1.32,0.38,-0.62,1.66,-0.22,-0.77,-0.07,1.38,-0.23,0.25,0.3,-1.86,0.29,0.82,0.57,4.93,-1.6,-1.82,-1.22,-0.76,-0.26
197704,1.25,0.23,1.82,2.65,2.53,1.18,1.46,1.35,2.25,2.97,0.48,0.78,2.02,2.62,2.28,-0.46,2.04,2.6,3.08,2.72,-2.21,2.16,1.39,4.12,5.71
197705,-1.77,-0.26,0.46,0.18,1.31,0.89,-1.09,-0.38,0.9,-1.5,-0.86,0.17,0.59,0.7,0.29,-0.5,-0.82,0.02,-1.27,-1.3,-2.4,-0.83,0.68,-2.19,-2.04
197706,5.8,6.48,7.04,5.64,7.26,8.63,6.05,6.44,5.44,9.55,8.84,6.32,6.14,4.61,6.28,6.29,5.12,4.84,4.81,6.18,6,3.96,3.05,4.8,2.34
197707,1.22,0.83,1.13,0.58,1.21,-1.29,-0.08,-0.67,0.89,0.24,0.03,-0.01,-1.13,-1.33,-0.64,-1.04,-3.2,-0.61,-1.1,-4.38,-1.19,-2.71,-0.77,-0.18,-5.16
197708,1.15,-0.3,-0.51,-1.37,-1.66,0.62,-0.81,-1.51,-0.93,-1.44,1.86,-1.23,-0.78,-0.54,-1.36,-1.43,-1.09,-1.97,-2.03,-3.76,1.17,-3.53,-2.92,-4.81,-4.23
197709,2.26,2.29,0.82,1.92,1.34,1.3,0.99,1.74,0.16,-1.43,2.13,1.48,1.17,0.29,0.26,1.01,0.13,0.59,0.75,-1.05,-0.86,-0.81,2.26,0.39,-0.12
197710,-4.54,-2.61,-2.24,-1.2,-2.21,-5.25,-2.57,-3.97,0.18,-1.62,-3.43,-2.11,-2.42,-2.47,-2.56,-3.98,-3.02,-2.79,-4.15,-4.88,-4.4,-4.13,-5.04,-2.5,-3.62
197711,9.35,8.6,8.37,6.66,9.06,8.38,9.5,8.84,7.05,8.26,6.83,7.6,5.98,6.15,8.59,7.28,6.11,5.53,7.01,7.17,3.52,3.31,3,2.95,5.01
197712,4.58,3.52,2.62,2.7,1.76,3.06,1.94,0.49,0.53,1.63,1.53,0.68,1.77,1.03,1.14,0.44,0.9,0.6,-0.23,-0.6,0.09,1.11,1.19,0.37,1.31
197801,-1.19,-3.29,-1.48,-1.13,0.23,-5.36,-5.72,-2.52,-1.85,-2.42,-6.93,-5.25,-3.33,-3.5,-0.63,-6.05,-6.24,-5.6,-4.19,-1.7,-6.2,-7.22,-5.41,-4.96,-3.13
197802,3.07,3.16,3.95,3.25,3.56,1.7,1.58,0.99,2.3,0.55,0.57,1.68,0.57,0.66,1.19,-1.24,-0.6,-0.67,0.94,-2.26,-3.08,-1.53,2.43,-1,-3.59
197803,8.09,7.37,8.1,6.86,8.19,6.09,5.92,7.55,6.31,7.62,5.51,5.72,4.79,4.71,8.28,4.97,4.81,4.69,4.77,4.85,1.14,3.95,3.02,2.86,3.72
197804,10.31,8.71,8.39,7.27,8.45,10.08,7.47,8.37,7.21,6.56,10.01,8.47,7.72,4.92,6.68,8.63,7.34,5.21,5.8,8.56,11.82,8.58,4.65,5.1,5.42
197805,8.51,6.37,8.75,6.39,8.04,7.11,7.52,4.81,4.17,5.4,6.35,5.3,5.33,2.17,3.9,4.72,3.84,1.37,2.29,3.75,1.39,1.36,-0.08,1.11,1.97
197806,0.89,0.96,-0.06,0.11,0.3,-1.22,-2.73,0.57,3.3,-0.13,-0.78,-0.96,0.43,0.91,1.23,-1.06,-0.63,-0.03,0.55,-0.64,-1.21,-3.03,-2,-1.78,-0.61
197807,6.71,5.96,6.07,4.9,4.75,7.98,5.88,5.1,6.13,6.98,6.56,4.86,4.38,4.4,3.97,6.16,5.86,6.65,5.57,10.2,7.48,4.94,3.59,4.35,4.76
197808,9.84,9.54,8.42,7.97,10.21,9.03,7.54,9.46,7.23,9.51,7.9,8.43,6.57,4.9,9.77,7.66,6.28,4.08,4.17,2.87,2.59,3.22,4.47,2.89,0.23
197809,-1.01,0.17,-1.79,-0.16,0.21,-1.82,-1.54,-1.53,0.46,-1.82,-3.18,-0.7,-1.46,-0.3,-0.91,-3.26,-2.3,0.6,0.02,-1.2,-3.27,0.27,1.97,0.34,0.89
197810,-26.68,-23.34,-21.83,-18.66,-21.4,-24.76,-18.94,-18.4,-14.98,-19.17,-19.27,-18.9,-13.76,-14.32,-19.86,-15.72,-13.39,-13.52,-11.7,-14.98,-8.3,-9.41,-7.16,-9.3,-12.12
197811,8.73,7.4,6.76,4.43,4.27,11.27,5.49,4.25,3.02,6.08,7.15,5.26,3.94,2.98,3.31,4.67,2.6,3.56,1.48,2.8,2.51,2.76,3.76,3.65,2.55
197812,3.55,3.19,2.36,1.05,0.71,2.99,3.31,1.86,2.51,1.84,3.03,1.66,0.41,1.44,3.21,1,1.68,1.4,0.66,0.26,3.55,0.93,0.56,0.13,-0.75
197901,9.9,10.1,8.33,10.62,11.81,8.6,8.35,8.1,7.17,10.35,6.9,7.13,7.56,7.06,9.64,5.9,5.28,6.26,8.41,6.16,2.25,4.91,4.24,5.36,7.64
197902,-2.88,-3.52,-2.61,-2.86,-1.4,-2.98,-3.07,-3,-3.07,-2.37,-4.79,-1.92,-2.19,-1.5,-0.88,-4.21,-3.66,-3.23,-3.15,-4.55,-4.01,-2.46,-2.14,-1.9,-2.82
197903,12.06,9.58,7.91,7.25,8.48,12.45,9.02,8.5,7.17,8.39,10.62,9.33,6.91,8.83,12.94,7.65,7.75,7.38,7.49,9.91,4.93,6.09,4.99,6.17,6.52
197904,3.18,2.72,2.18,3.09,3.41,1.61,2.93,2.33,3.05,2.01,1.37,1.25,2.27,1.93,3.91,1.91,0.93,1.49,0.38,1.87,-0.04,0.66,-0.21,1.49,-0.99
197905,-2.76,-0.75,-1.76,5.01,-1.14,-2.33,-1.66,-0.49,-0.22,-0.77,-3.62,-2.72,-0.35,0.48,-2.1,-0.24,-1.56,-1.54,-1.09,-0.87,-2.13,-0.87,-1.3,-1.8,-1.33
197906,6.04,5.5,5.28,4.65,5.38,7.47,5.85,4.03,5.65,8.73,3.51,4.89,5.83,6.35,6.83,5.32,7.14,6.77,7.43,6.09,2.21,4.75,5.07,6.58,2.72
197907,2.3,3.01,2.32,3.09,2.22,2.09,2.35,3.38,4.82,3.63,3.28,3.8,4.27,2.68,5.28,1.53,3.56,2.95,2.23,3.14,-0.38,1.58,1.62,1.06,3.67
197908,8.88,8.95,6.37,7.18,8.02,8.6,8.55,7.41,6.47,7.25,9.21,8.02,5.91,5.3,6.64,8.6,5.97,6.79,5.17,7.87,6.33,7,4.33,5.44,5.3
197909,-0.1,-0.33,-1.55,-0.6,-0.93,0.74,0.59,-2.2,-1.68,-1.8,1.33,-0.12,-1.29,-3.1,-1.57,-0.28,-0.17,-0.12,-1.69,-1.71,-1.86,0.93,1.65,0.88,0.49
197910,-11.06,-9.9,-11.07,-9.55,-11.49,-9.26,-10.01,-11.68,-12.04,-11.49,-8.12,-8.4,-10.37,-7.38,-12.46,-7.43,-7.85,-8.27,-10.48,-10.62,-6.26,-5.61,-5.59,-7.14,-7.17
197911,11.07,8.57,6.21,5.15,6.41,11.16,7.71,6.52,7.81,7.41,11.83,7.15,6.65,7.14,5.36,10.03,7.18,7.57,5.9,5.93,5.28,7.06,4.41,7.06,1
197912,11.49,8.36,5.7,6.66,5.23,8.58,6.33,5.8,3.6,5.1,5.5,3.29,2.81,1.93,8.11,4.59,4.16,2.25,2,4.28,1.87,3.49,-0.01,0.76,2.27
198001,12.9,10.38,8.74,8.62,10.88,6.8,7.84,6.21,4.69,9.19,5.36,6.59,7.04,6.02,9.12,7.96,6.09,6.62,0.75,7.99,3.3,7.36,5.8,7.89,10.23
198002,0.59,-0.41,-2.11,-2.15,-2.07,-1.34,-0.59,-2.85,-4.43,-1.07,-1.06,-3.52,-4.43,-4.35,-2.62,-2.39,-1.58,-3.03,-4.87,-1.52,-4.41,0.85,4.14,1.6,2.49
198003,-22.12,-19.31,-17.27,-15.57,-17.57,-19.23,-16.38,-16.8,-14.73,-17.51,-15.83,-15.03,-16.26,-12.95,-18.99,-12.13,-14.27,-13.1,-11.19,-16.78,-6.2,-11.19,-9.79,-11.23,-12.89
198004,6.29,6.55,6.7,5.13,6.05,6.15,4.92,6.04,8.1,3.58,6.9,6.85,7.33,9.54,5.62,4.86,6.59,7.34,8.69,6.7,2.89,3.62,5.42,7.96,2.86
198005,7.08,6.33,6.89,6.48,7.73,9.15,10.4,7.07,8.06,10.1,7.04,6.92,8.65,7.94,9.11,7.58,7.88,9.57,7.33,9.03,4.92,5.18,5.21,4.15,6.14
198006,4.88,3.53,4,4.3,5.39,4.33,6.69,4.11,5.53,2.08,5.32,5.74,4.03,4.73,2.33,5.78,3.74,4.69,3.09,4.79,2.37,4,2.08,4.63,0.25
198007,12.2,12.63,10.33,8.54,9.01,14.43,11.32,9.91,7.61,7.51,13.23,8.26,9.47,5.7,6.62,11.08,9.52,8.14,2.79,4.72,11.19,5.81,3.11,3.5,5.15
198008,11.46,8.95,7.34,6.94,5.17,8.23,7.46,4.03,3.02,3.76,6.73,6.37,2.26,1.91,0.85,4.66,2.39,2.56,0.05,0.59,2.05,1.03,1.33,1.96,0.01
198009,6.6,2.86,2.64,1.44,2.92,4.56,3.81,3.7,0.91,0.9,5.76,2.45,2.99,1.47,-1.4,5.76,4.28,1.28,0.51,0.24,3.1,6.03,3.48,-1.48,0.1
198010,7.61,5.59,4.23,3.68,2.18,6.72,2.07,1,3.39,1.01,2.68,2.28,3.06,1.46,2.31,2.31,2.82,-0.86,-1.43,-0.16,0.56,4.07,4.98,-1.83,0.67
198011,16.18,6.28,5.96,0.71,1.72,13.67,7.23,4.47,6.41,3.36,11.61,7.06,3.75,2.34,1.69,13.25,14.34,4.53,3.01,0.93,10.6,14.47,19.08,5.12,3.92
198012,-6.32,-5.6,-3.49,-2.89,-3.46,-5.22,-2.28,-1.95,-1.46,-0.76,-3.87,-3.09,-0.55,-1.02,-0.57,-3.62,-4.59,-0.68,0.56,-0.42,0.1,-5.58,-5.91,-1.46,-0.21
198101,-4.52,-0.38,1.83,1.93,3.22,-4.92,-0.13,-0.03,1.8,3.35,-4.34,-1.5,-1.14,1.97,2.92,-6.69,-3.39,-0.65,0.68,1.51,-6.07,-7.58,-6.56,0.08,2.27
198102,-3.34,0.06,1.02,2.28,2.45,-0.45,1.58,2.97,3.51,3.78,2.28,2.33,3.86,-0.08,1.48,1.43,2.92,4.29,1.37,3.66,3.28,2.08,-0.66,2.92,-0.47
198103,7.3,9.5,8.61,9.15,7.36,8.09,8.01,8.04,7.84,7.61,7.66,7.58,7.5,9.01,7.31,8.89,6.31,9.09,7.17,7.62,2.97,3.15,-0.26,3.86,8.19
198104,3.05,4.75,3.66,4.76,5.53,1.56,3.68,3.68,3.76,3.79,2.09,3.4,1.52,0.98,3.95,0.03,-0.76,0.4,0.26,1.69,-2.72,-4.3,-2.98,2.38,-2.96
198105,5,5.03,4.33,2.67,2.7,6.18,2.3,2.72,0.29,2.32,2.17,3.59,2.81,1.55,5.27,3.62,1.64,2.26,1.09,3.33,1.63,-2.11,-2.05,3.57,0.74
198106,-7.14,-0.46,1.42,2.7,1.14,-7.02,-0.54,-0.69,-0.12,1.82,-5.07,-0.07,-0.39,2.01,-1.89,-5.22,-1.64,0.62,2.65,-0.49,-4.42,1.06,3.46,-0.54,0.58
198107,-4.51,-3.45,-2.86,-2.16,-2.3,-2.59,-3.46,-0.58,-1.53,-1.98,-1.31,-2.03,-2.97,-2.91,-0.39,1.71,-1.03,-2.34,-2.58,-3.3,1.68,2.87,-2.06,-2.17,0.6
198108,-12.8,-8.52,-7.29,-5.7,-4.98,-10.39,-8.06,-4.87,-5.21,-5.62,-8.55,-6,-5.51,-5.58,-3.4,-6.92,-6.18,-3.84,-5.3,-3.23,-6.17,-6.67,-5.76,-5.13,-0.39
198109,-13.52,-8.35,-7.46,-6.49,-6.3,-10.21,-6.89,-6.41,-3.13,-5.56,-9.07,-6.02,-5.99,-1.81,-3.81,-9.23,-8,-6.59,-3.72,-4.36,-6.32,-6.01,-6.27,-2.2,0.48
198110,10.38,8.15,8.29,7.01,4.96,11.19,6.63,6.89,7.52,6.08,10.93,5.21,7.25,5.27,4.05,10.12,7.48,5.11,4.14,3.69,7.81,7.69,2.66,1.59,4.81
198111,-1.22,2.29,3.76,2.79,4.05,1.44,5.58,4.64,6.06,5.57,0.47,2.67,4.36,3.04,5.17,3.78,4.72,2.62,7.25,4.74,3.63,5.77,5.18,4.44,3.77
198112,-4.1,-2.06,-0.56,-0.44,-1.14,-1.7,-0.46,-1.96,-2.44,-1.62,-1.87,-1.92,-1.05,-1.3,-3.07,-3.43,-2.19,-1.49,-2.66,-2.37,-2.92,-3.42,-3.79,-2.06,-1.79
198201,-3.07,-0.49,-1.81,-1.43,-0.27,-5.39,-2.93,-4.25,-2.95,0.24,-6.13,-3.17,-4.87,-2.28,1.58,-6.62,-4.3,-3.71,-1.48,-1.71,-0.28,-3.83,-2.82,-1.1,1.43
198202,-7.9,-4.1,-2.93,-2.73,-0.91,-7.28,-4.41,-4.27,-0.97,-0.5,-7.71,-2.76,-1.49,-2.88,0.23,-6.65,-6.5,-3.32,-0.18,0.7,-7.43,-7.35,-2.68,-1.19,-3.92
198203,-1.91,-0.36,-1.26,-0.27,0.13,-3.71,0.05,-1.17,1.75,1.85,-2.24,-0.32,1.29,-0.55,3.15,-2.98,-1.46,-0.26,0.12,1.05,-3.48,0.44,-1.54,2.6,2.04
198204,6.47,6.29,5.1,5.02,4.5,6.79,6.94,5.68,4.39,4.2,6.36,5.69,4.51,4.95,4.9,6.29,4.98,4.5,3.8,5.02,6.65,3.91,2.98,3.06,0.55
198205,-3.09,-1.69,-0.01,-0.84,-0.71,-4.02,-3.99,-2.68,-1.92,-1.99,-3.44,-2.19,-3.28,-1.28,-1.12,-4.89,-4.35,-3.69,-4.13,-2.78,-4.07,-1.71,-1.48,-3.4,-1.26
198206,-4.45,-3.03,-2.54,-1.2,-1.24,-4.09,-1.33,-1.51,-0.53,-1.29,-3.96,-0.58,-0.49,-2.07,-1.96,-4.39,-3.11,-0.77,-1.27,0.51,-2.82,-1.11,-0.6,-1.82,-2.88
198207,-3.83,-2.49,0.31,-0.76,-0.45,-3.28,1.3,-0.34,-0.23,-1.06,-1.85,-0.53,-2.15,-3.43,-1.48,-1.38,-4.07,-2.93,-3.34,-2.81,0.64,-3.77,-4.24,-2.12,-1.85
198208,4.9,7.11,6.84,5.07,5.64,7.9,8.5,9.93,7.99,8.44,10.84,11.26,11.87,11.42,10.76,12.09,12.85,10.55,12.51,14.01,11.24,11.85,13.04,13.77,12.38
198209,2.23,2.56,5.67,3.92,4.34,2.66,2.36,5.04,5.53,5.77,3.17,5.55,4.29,4.01,2.26,2.74,2.2,7.66,2.71,-0.03,1.68,2.04,1.17,-0.1,0.13
198210,17.7,13.56,13.35,12.71,11.63,17.21,12.53,13.47,9.97,11.38,15.15,13.6,12.5,13.16,13.14,15.57,14.9,12.41,12.63,12.83,11.52,11.27,10.3,11.32,6.02
198211,9.06,10.41,11.59,10.48,10.45,9.74,8.88,7.92,8,8.57,10.52,8.64,6.98,5.66,8.2,7.33,6.98,4.43,5.4,7.3,7.23,3.96,1.33,2.92,1.62
198212,2.56,2.29,1.94,2.32,2.42,-0.37,2.54,1.1,0.42,0.91,0.61,0.49,-0.86,0.27,2.6,0.79,0.14,2.47,0.23,2.65,2.35,-0.01,1.13,0.43,5.92
198301,13.57,8.48,8.78,9.12,7.13,7.93,8.29,3.52,4.82,4.79,6.37,2.95,4.33,3.01,3.99,5.1,3.43,2.79,2.48,2.08,2.1,3.09,3.77,6.05,2.83
198302,3.18,4.6,8.06,7.52,8.94,5.15,4.96,7.93,5.77,5.33,5.22,4.88,5.42,4.43,5.12,4.86,2.9,2.62,3.32,4.48,2.39,3.89,3.21,1.13,2.38
198303,2.79,5.71,6.61,4.51,7.57,1.93,3.73,6.55,7.2,4.85,2.1,6.48,4.68,7.6,4.7,0.65,2.66,4.63,5.54,5.14,3.31,2.64,4.12,3.45,1.94
198304,7.33,7.41,8.75,9.49,9.02,7.94,8.33,8.88,7.78,7.82,6.62,7.33,7.1,6.43,6.55,5.05,5.74,7.6,6.97,6.23,6.62,6.04,8.78,9,7.28
198305,11.94,10.29,8.29,8.6,7.91,5.49,6.44,5.29,3.19,5.35,5.74,5.34,2.74,2.18,1.37,4.7,5.5,4.76,1.87,1.04,-1.02,-2.14,-0.47,-1.59,1.13
198306,4.08,6.85,3.81,2.89,4.3,6.86,5.33,1.44,2.7,3.87,4.74,5.47,4.88,1.34,1.59,6.46,4.73,4.14,-1.35,1.88,5.9,5.32,2.85,1.6,0.8
198307,-6.12,-2.11,-1.02,0.86,0.74,-7.22,-4.55,-0.83,1.66,0.96,-6.26,-3.06,2.66,1.04,0.66,-4.29,-3.72,-4.7,-0.83,-0.57,-4.84,-5.92,-3.68,-0.22,-2.17
198308,-6.01,-3.97,-2.33,-3.56,-1.14,-5.39,-3.36,-2.79,-1.11,0.75,-3.76,-4.33,-1.52,-0.85,2.27,-2.91,-1.69,-0.05,2.78,3.69,-0.66,-0.39,0.27,4.2,6.62
198309,-3.13,0.2,0.62,1.56,1.64,1.13,1.39,3.94,4.87,3.64,1.83,4.1,2.84,4.92,6.95,3.58,1.92,2.97,2.67,1.5,2.87,2,1.98,-1,0.5
198310,-10.53,-6.24,-5.06,-3.56,-2.93,-10.19,-7.32,-4.14,-1.69,-3.07,-8.3,-4.6,-2.95,-0.61,-1.79,-7.1,-2.82,-1.89,-1.73,-0.42,-2.49,-2.28,-0.26,-0.01,-0.67
198311,3.66,3.67,3.52,2.67,4.39,5.77,5.19,4.74,5.28,4.8,6.19,4.38,4.74,4.02,4.08,5.72,2.67,4.52,4.85,3.8,1.2,2.95,2.79,1.63,0.62
198312,-5.23,-1.03,-0.69,-0.28,0.74,-3.09,-1.19,0.05,-0.08,0.01,-3.18,-1.22,-0.09,-1.11,1.63,-3.47,-0.32,-2.8,-1.75,-0.54,-0.04,0.18,-2.22,-1.01,0.54
198401,-2,-0.98,-0.05,1.18,3.16,-6.32,-1.39,-0.37,0.26,3.68,-7,-4.62,-2.22,0.16,-0.23,-7.64,-3.45,-1.47,-0.37,0.46,-5.69,-0.74,1.15,1.6,6.98
198402,-7.51,-6.89,-5.33,-4.25,-4.59,-7.18,-6,-3.83,-3.24,-3.9,-6.79,-7.14,-4.79,-4.58,-2.78,-5.69,-5.77,-5.51,-3.2,-4.7,-3.77,-6,-4.17,-2.51,0.68
198403,-1.13,1.44,0.56,1.62,2.14,-0.28,1.3,0.88,1.31,1.95,0.62,1.46,2.44,1.26,3.35,0.58,0.84,2.47,1.54,4.24,1.79,2.95,0.13,1.74,-1.46
198404,-4.12,-1.78,-0.73,-0.01,-0.95,-1.28,1.47,0.7,0.09,-1.16,0,1.1,-0.1,-1.17,0.12,-1.32,-0.64,-0.57,-2.53,-1.84,1.43,-0.4,1.25,1.62,2.43
198405,-6.09,-4.71,-5.01,-3.38,-3.6,-6.1,-4.93,-4.97,-4.03,-4.13,-5.88,-5.58,-5.63,-4.07,-6.94,-3.95,-3.84,-5.16,-5.3,-7.55,-5.2,-3.35,-6.28,-4.14,-6.05
198406,1.09,3.39,2.27,1.49,1.31,3.98,4.69,1.89,2.82,1.13,6.42,5.01,0.89,1.63,-0.33,5.98,4.5,1.78,1.95,2.55,3.48,5.37,2.03,-1.06,5.34
198407,-7.22,-5.21,-4.43,-1.89,-2.16,-5.33,-5.63,-1.39,-3.87,-3.68,-3.67,-3.28,-2.87,-3.08,-1,-3.55,-5.1,-2.51,-4.6,-0.49,0.31,-1.44,-0.08,-3,-2.33
198408,11.47,11.64,8.68,7.15,8.65,15.77,10.55,9.9,9.42,10.31,15.41,13.11,10.86,11.83,9.42,12.83,13.17,12.43,11.25,9.98,10.77,10.17,10.39,11.49,12.5
198409,-2.6,-1.5,0.47,1.29,2.4,-5.35,0.26,2,1.52,3.22,-4.06,1.8,1.95,2.11,3.43,-1.47,-1.53,0.66,1.45,4.47,-2.78,-1.69,-0.45,1.89,3.24
198410,-3.8,-1.33,-2.15,-1.54,-1.29,-3.02,-1.72,-0.24,0.91,1,-1.74,-0.6,1.62,-1.74,1.49,-0.43,0.08,0.69,0.2,1.69,0.88,2.86,1.35,-0.48,-1.58
198411,-5.79,-3.92,-1.33,-1.53,-0.93,-5.78,-2.13,-0.38,0.04,1.25,-4.13,0.64,1.27,1.35,1.87,-3.51,-0.55,-1,0.58,2.03,-2.46,-0.97,-1.68,-0.73,1.43
198412,0.58,0.74,0.98,0.45,0.76,1.97,2.26,1.67,2.53,2.57,4.46,3.57,0.91,1.59,2.16,3.3,1.93,2.23,2.92,3.53,2.58,2.37,2.85,3.16,1.22
198501,16.11,14.43,10.66,10.14,8.49,16.09,13.06,8.98,9.96,8.71,13.76,10.28,9.61,8.99,7.94,12.22,12.83,8.43,8.15,6.4,9.54,7.96,7.6,6.89,4.28
198502,3.68,5.04,3.44,2.71,3.73,2.82,3.15,2.68,1.91,0.94,2.14,0.92,1.44,1.67,-0.61,2.72,-1.13,2,2.53,1.17,0.19,2.68,1.54,2.61,2.72
198503,-2.65,-2.98,-1.56,-1.2,-0.26,-4.83,-3.51,-0.7,0.36,3.09,-4.32,-1.24,-1.97,0.96,3.73,-2.71,-2.39,0.1,0.96,4.3,-1.56,1.04,-0.45,1.09,1.55
198504,-2.2,-1.8,0.2,0.39,0.28,-3.24,-1.29,-0.35,2.67,0.75,-1.23,-1.3,-0.53,2.66,1.5,-1.28,-3.35,0.52,0.8,1.06,-1.68,-2.41,-1.32,1.22,3.03
198505,2.53,3.94,3.78,2.71,1.11,4.1,4.13,3.12,5.6,2.93,6.23,5.51,3.19,4.67,4.2,6.72,5.7,5.64,4.44,6.5,5.7,7.52,8.82,5.52,4.59
198506,0.6,0.54,0.84,1.34,3.81,0.74,2.3,2.4,3.13,3.48,2.56,1.85,4.32,2.67,3.36,1.99,1.82,2.26,3.56,0.9,0.67,2.88,1.47,0.32,2.33
198507,2.4,3.04,2.51,1.53,2.3,3.24,3.51,4.99,-0.09,0.37,1.23,2.64,1.42,0.98,1.96,-0.48,0.4,1.19,-2.11,0.71,0.55,-0.36,-1.96,-1.5,-2.36
198508,-1.6,-1.11,-0.7,0.26,-1.11,-2.04,-0.96,0.81,0.26,0.24,-2.47,-0.9,0.07,-0.45,0.28,-1.72,-0.32,1.02,-0.27,0.26,-1.81,0.02,-0.52,0.4,0.79
198509,-8.06,-5.72,-5.01,-3.92,-4.06,-7.51,-6.17,-3.28,-3.74,-5.51,-6.87,-4.36,-3.2,-3.8,-2.95,-4.98,-4.07,-4.74,-6.35,-4.9,-3.65,-2.45,-1.82,-3.27,-4.02
198510,0.67,1.75,3.72,3.3,1.76,3.81,3.86,4.17,5.63,2.82,3.95,4.28,4.34,2.41,2.83,5.67,5.28,4.25,5.5,5.58,3.63,4.41,4.84,5.88,6.3
198511,5.48,6.41,6.56,4.97,4.91,9.28,7.16,8.12,7.21,6.44,7.76,7.3,5.78,6.56,6.51,8.6,6.96,8.35,5.5,5.48,10.07,8.17,7.64,3.94,4.69
198512,3.67,5.16,4.04,3.98,3.39,5.2,4.49,5.07,3.92,0.33,5.68,4.68,2.46,2.66,5.41,3.74,4.44,2.83,4.97,5.18,6.88,3.75,4.99,3.08,4.35
198601,3.88,2.25,2.25,2,3.02,0.88,1.84,1.4,0.2,2.6,1.87,2.76,1.26,2.5,3.07,1.13,0.48,1.96,2.72,3.53,0.37,1.34,1.56,-1.44,1.45
198602,5.91,6.44,6.59,8.04,5.36,7.72,7,6.77,9.49,3.91,6.95,9.36,7.78,7.1,6.54,8,9.42,7.01,7.26,7.68,7.58,10.12,8.64,6.47,7.19
198603,4.73,5.51,5.01,4.75,6.26,3.82,5.12,5.79,5.17,6.37,4.86,7.26,5.33,5.87,5.68,5.58,5.22,6.54,4.05,4.63,5.96,7.32,5.44,4.84,4.46
198604,2.66,2.31,1.39,0.17,0.48,2.17,2.17,0.17,0.77,-1.95,2.18,2.21,1.07,1.24,-1.54,1.94,-0.34,-1.74,-2.51,-4.87,0.32,-0.98,-2.32,-2.7,-2.74
198605,4.17,3.39,4.19,3.82,4.03,3.38,2.43,5.17,4.34,2.96,6.18,4.28,5.86,5.22,3.19,6.3,3.97,5.74,4.41,4.43,5.15,6.31,3.56,6.51,5.6
198606,0.21,-1.51,-0.33,1.26,2.35,0.61,0.13,2.56,1.7,2.42,1.17,-0.71,2.05,0.62,2.59,1.46,1.03,0.1,3.77,1.4,2.17,2.08,1.14,0.68,2.99
198607,-10.13,-8.88,-8.1,-6.11,-8.69,-11.42,-9.99,-8.78,-4.68,-7.1,-9.68,-7.98,-8.08,-5.98,-5.29,-8.79,-7.61,-7.17,-3.97,-4.47,-7.04,-5.91,-4.87,-2.64,-2.61
198608,0.33,0.57,1.98,1.86,1.81,2.36,4.48,4.02,5.74,4.83,4.44,3.48,6.05,7.29,8.56,4.51,6.54,7.2,10.13,9.46,4.51,6.5,6.16,10.21,10.79
198609,-7.97,-6.4,-5.55,-4.48,-3.13,-8.83,-6.39,-4.77,-2.66,-5.88,-8.05,-7.84,-4.56,-4.79,-5.36,-9.37,-5.76,-7.01,-7,-5.91,-10.29,-10.94,-7.78,-7.93,-6.46
198610,1.97,2.56,2.26,3,1.1,6.4,4.24,3.42,2.95,1.6,5.75,2.47,1.17,2.06,2.8,5.81,6.29,5.71,6.03,4.24,4.95,7.03,6.37,4.7,6.05
198611,-2.2,0.12,0.46,-0.06,1.29,0.25,0.47,-0.49,-2.22,-0.06,0.07,0.27,-1.22,1.5,-0.27,1.08,1.42,1.72,-1.13,1.14,2.73,1.87,2.84,2.49,1.65
198612,-5.57,-1.86,-3.82,-1.53,-3.56,-3.08,-2.15,-3.33,-3.49,0.62,-2.6,-1.87,-3.65,-2.13,-0.87,-4.53,-2.9,-2.87,-2.38,-3.3,-1.72,-2.51,-4.31,-2.86,-2.94
198701,10.99,9.83,11.6,9.77,9.66,13.66,12.38,10.55,10.02,10.85,13.83,13.42,8.81,10.17,9.4,13.9,12.47,10.28,11.94,11.61,13.34,16.53,11.34,12.55,11.92
198702,10.73,8.46,6.79,7.11,6.58,9.66,9.21,6.49,5.92,5.49,8.99,8.17,5.11,4.18,4.22,7.46,6.6,6.47,3.43,2.62,8.2,5.97,2.85,-0.45,-1.07
198703,2.26,3.26,2.51,3.49,4.77,0.5,3.41,1.46,2.88,3.5,0.17,1.53,1.1,2.48,3.42,1.89,1.87,1.87,1.93,-1.28,1.56,2.27,0.44,3.02,4.8
198704,-2.26,-2.73,-2.25,-0.48,-1.44,-3.91,-2.57,-2.95,-3.8,-4.87,-1.99,-2.3,-4.55,-2,-2.63,-3.7,-2.44,-2.43,-2.01,-1.58,-1.35,-1.16,-2.15,-0.74,-0.5
198705,-0.16,-1.55,0.19,0.51,3.23,-1.02,0.08,-0.05,0.32,0.6,0.96,0.08,-0.49,0.44,0.33,2.07,0.41,-0.34,-0.57,0.81,1.91,-0.55,-0.04,0.79,0.52
198706,-0.33,1.97,2.66,1.97,4.28,1.72,3.11,3.7,3.08,4.18,2.06,2.17,5.57,5.26,2.59,4.71,3.29,4.43,4.09,3.72,4.73,5.42,6.13,5.18,5.28
198707,1.81,1.98,2.11,2.95,5.33,2.26,2.11,3.7,3.4,5.74,2.51,4.46,4,3.52,7.85,3.73,4.76,4.8,4.39,4.71,6.06,3.19,6.3,2.6,3.07
198708,0.68,2.37,2.77,2.48,0.73,2.81,3.35,4.06,2.74,3.95,3.98,3.51,4.26,3.66,0.76,4.79,4.11,3.27,3.34,2,4.83,5.23,3.47,4.69,2.61
198709,-2.76,-0.49,-1.01,-0.39,-1.29,-2.16,-2.4,-0.68,-0.89,-2.6,-3.22,-2.48,-2.01,-2.4,-1.14,-2.23,-1,-2.39,-1.93,0.32,-2.17,-4.07,0.17,-2.09,-2.73
198710,-34.23,-30.94,-28.7,-28.88,-28.88,-32.71,-31.67,-28.13,-25.44,-28.84,-29.79,-29.05,-24.29,-23.03,-26.17,-25.94,-28.83,-25,-18.26,-23.84,-21.64,-22.42,-21.71,-15.17,-18.73
198711,-8.47,-4.89,-4.86,-4.59,-3.53,-7.22,-4.8,-3.6,-3.55,-2.83,-6.65,-2.66,-2.96,-3.16,-3.86,-6.44,-5.88,-6.33,-4.46,-2.08,-9.64,-8.49,-8.27,-7.72,-7.4
198712,2.82,4.92,5.58,4.92,3.33,11.83,9.84,7.23,6.52,5.07,12.39,9.68,6.33,4.55,6.83,12.52,10.79,9.32,3.88,3.77,8.35,7.51,7.94,3.29,6.25
198801,5.77,7.47,4.43,4.93,6.47,1.86,2.83,5.05,4.07,6.92,1.32,3.6,4.29,7.66,6.64,0.29,4.29,4.58,6.24,6.19,2.28,1.63,5.49,8.95,8.65
198802,5.98,7.74,7.55,7.49,7.53,8.42,11.9,8.78,7.98,7.91,8.72,8.12,6.97,7.25,6.13,8.53,9.39,6.16,4.99,6.36,4.58,5.45,4.56,1.75,2.86
198803,4.09,6.06,5.66,5.26,5,2.31,6.92,3.8,3.34,4.55,2.91,1.07,1.15,-0.01,0.68,-0.88,1.12,0,-0.02,4.38,-4.59,-4.1,-3.91,-3.82,-0.81
198804,1.01,1.31,2.44,1,3.94,2.14,4.37,2.94,1.86,2.44,-0.89,0.26,1.74,0.5,1.41,0.2,0.65,1.27,-0.96,1.05,-0.78,1.07,1.54,2.44,2.27
198805,-3.6,-2.15,-0.81,-1.82,-0.93,-4.46,-2.08,-2.4,-1.37,-0.88,-0.96,-1.78,-0.96,1.33,0.92,-0.75,-0.58,-0.67,2.44,1,0.08,0.29,-0.14,2.51,2.21
198806,6.48,6.19,6.18,6.35,4.85,7.5,11.04,8.08,5.43,8.57,6.89,7.46,6.28,6.02,5.75,7.35,6.91,6.64,3.98,8.42,4.18,6.78,5.29,3.08,3.01
198807,-0.92,-0.33,-0.82,0.96,-1.08,-2.55,-2.34,-0.05,0.6,1.17,-4.25,-2.01,-1.4,-0.21,-0.28,-3.35,-3.48,0.38,-1.26,0.27,-0.89,-1.06,0.54,0.13,0.93
198808,-4.11,-2.48,-1,-1.31,-2.08,-3.93,-4.02,-2.03,-0.4,-1.58,-4.17,-2.5,-2.11,0.1,-1.07,-3.79,-3.16,-0.77,-0.07,1.37,-2.72,-5.24,-2.32,-1.47,-3.1
198809,1.23,2.8,2.8,1.69,2.82,2.66,2.58,2.7,2.79,2.88,4,2.44,2.54,1.47,3.25,4.63,1.18,3.71,2.2,4.69,5.7,5.38,2.09,4.05,3.98
198810,-2.83,-1.68,-1.27,-2.34,-0.97,-2.64,-0.73,0.31,0.1,-0.58,-1.56,0.53,1.15,0.68,2.64,-1.64,0.95,0.5,1.31,2.51,1.84,5.57,1.56,2.38,4.34
198811,-4.93,-4.85,-3.37,-3.33,-4.31,-4.24,-3.08,-1.98,-3.19,-2.12,-2.93,-2.46,-3.79,-0.54,-1.5,-1.58,-2.56,-3.28,-1.77,-0.97,-1.88,-1.14,-1.91,-0.43,0.34
198812,1.81,4.12,3.41,4.74,2.62,5.19,4.11,3.87,4.96,2.89,4.49,3.52,3.46,2.29,2.74,3.35,3.02,1.68,1.86,-0.81,2.62,2.09,1.73,0.51,0.42
198901,5.36,5.95,4.33,4.34,5.61,3.43,5.61,4.66,3.77,7.32,4.85,5.51,5.11,4.08,5.44,4.72,5.62,5.91,6.18,8.26,7.83,6.89,6.31,6.49,8.26
198902,-1.2,0.38,0.96,1.19,1.82,1.01,1.92,1.33,0.76,1.58,-0.03,0.62,0.35,1.22,-0.12,-0.24,-0.01,-0.9,0.19,1.34,-3.09,-2.87,-2.53,-1.63,-2.58
198903,1.27,2.77,4.77,2.6,3.05,1.85,2.46,2.26,1.69,3.17,2.16,1.3,1.55,3.4,2.49,-0.4,1.59,2.98,0.91,3.21,3.02,0.5,3.9,2.78,1.19
198904,3.09,3.23,3.43,2.49,2.93,4.58,5.38,4.8,2.61,5.76,5.38,4.63,4.63,4.17,3.77,6.38,5.29,4.12,5.34,5.31,6.11,5.31,4.67,4.47,3.67
198905,3.11,5.4,1.99,4.16,3.48,4.8,3.33,4.27,3.59,3.8,5.66,4.74,3.82,4.17,3.96,4.5,2.86,3.12,4.48,6.15,4.69,3.14,4.5,4.32,3.33
198906,-3.05,-1.61,-2.19,0.23,0.56,-4.92,-1.92,-0.38,-0.66,-1.68,-3.32,-1.41,-1.37,0.32,2.16,-2.22,-1.3,0.32,1.96,3.55,-0.52,-0.39,-1.11,-0.67,0.79
198907,2.73,4.89,2.23,3.44,1.45,5.58,5.2,3.05,3.76,3.47,5.43,5.04,3.51,4.7,3.8,8.38,8.51,6.07,5.93,6.65,11.54,9.6,6.92,7.53,6.68
198908,2.18,-0.24,0.81,2.73,1.54,3.68,2.79,3.1,3.58,2.7,2.7,2.91,5.05,3.21,1.73,3.63,3.89,3.03,3.62,1.56,-0.08,2.28,2.95,1.93,2.79
198909,1.24,-0.47,-0.51,0.82,-0.46,2.3,-0.14,0.84,0.64,-0.94,1.34,-1.22,-1.41,-0.18,-1.21,0.18,-2.84,-3.27,-0.94,0.5,1.1,-0.83,0.2,0.7,-0.37
198910,-5.13,-5.64,-4.81,-4.28,-6.78,-4.83,-7.27,-4.91,-5.83,-7.66,-4.28,-5.78,-6.25,-5.09,-4.85,-2.95,-3.56,-7.85,-2.98,-4.45,0.12,-3.53,-2.83,-3.18,-0.07
198911,-0.73,0.22,-0.7,-0.01,-1.3,0.34,1.69,0.65,1.52,-0.89,1.46,1.99,0.01,0.78,2.22,2.08,2.23,0.59,0.34,0.95,1.9,2.46,2.66,1.3,1.06
198912,-0.79,-0.85,-1.04,-0.81,-1.66,1.28,-0.13,0.67,0.95,0.31,-0.08,0.58,-1.36,1.72,-0.6,2.68,2.1,1.44,1.48,2.3,0.68,0.99,4.49,4.94,1.05
199001,-8.27,-7.47,-4.74,-6.95,-6.06,-9.57,-9.42,-7.41,-8.05,-9.03,-9.63,-8.72,-7.47,-7.22,-7.66,-6.98,-5.92,-7.78,-9.02,-9.94,-7.66,-5.71,-7.07,-7.25,-5.79
199002,2,2.08,1.08,3.47,1.54,3.39,3.73,2.99,3.55,2.42,3.29,3.27,1.97,1.36,2.86,1.66,1.4,1.45,1.53,3.5,-0.1,1.84,2.47,1.38,2
199003,4.45,2.62,2.4,3.72,1.41,4.85,4.59,4.82,3.12,1.58,5.3,2.73,2.76,1.44,-0.5,3.86,3.83,1.9,1.98,-0.09,3.93,3.87,0.17,0.65,1.04
199004,-2.58,-2.35,-1.71,-2.48,-3.53,-3.95,-3.73,-2.02,-2.84,-5.69,-2.25,-2.34,-3.37,-5.66,-5.65,-2.91,-4.1,-6.31,-5.2,-6.06,0.41,-1.28,-3.86,-4.11,-4.22
199005,8.11,6.4,5.86,4.29,3.42,10.62,8.64,5.8,5.57,3.47,9.07,8.96,7.1,5.01,6.49,10.93,8.58,10.2,7.2,8.37,11.58,10.95,7.55,6.39,7.88
199006,1.12,2.73,2.33,0.47,-0.2,0.13,0.91,-1.12,-0.12,-0.34,2.07,0.67,-0.3,-1.94,-0.18,0.32,-1.86,-1.75,-1.6,-0.38,3.35,-2.09,-2.34,-3.45,-0.22
199007,-4.64,-5.06,-3.07,-3.13,-4.6,-5.22,-4.44,-4.34,-2.47,-4.19,-4.45,-1.59,-3.53,-4.71,-4.78,-2.08,-1.8,-3.53,-2.35,-2.02,-0.96,-1.16,2.28,-1.3,-2.03
199008,-16.64,-14.36,-12.36,-11.13,-12.41,-14.61,-13.6,-12.49,-10.45,-11.4,-13.93,-13.67,-11.02,-8.86,-10.09,-9.82,-11.57,-10.72,-9.13,-10,-8.56,-10.35,-6.32,-9.47,-10.58
199009,-10.62,-9.38,-7.81,-7.04,-8.81,-10.16,-9.71,-8.43,-6.91,-7.84,-9.39,-7.02,-6.49,-8.04,-8.36,-5.78,-6.47,-9.93,-6.94,-7.01,-5.14,-4.64,-1.86,-6.62,-7.41
199010,-6.41,-6.08,-6.68,-5.53,-7.26,-6.48,-5.39,-4.41,-4.17,-7.59,-4.74,-5.05,-4.09,-3.07,-4.45,-0.91,-3.23,-7.39,-1.87,-1.26,1.61,-1.23,-1.45,0.75,0.94
199011,3.64,4.77,4.59,2.42,1.18,12.04,5.87,6.95,7.13,4.23,11.06,9.44,7.41,7.56,7.63,9.2,8.03,11.19,9.09,6.04,6.43,7.54,5.91,6.13,4.35
199012,0.25,-0.27,0.55,2.12,0.09,4.48,5.28,4.46,4.05,4.61,6.63,3.96,4.01,3.67,2.89,4.08,4.11,4.56,4.19,3.61,3.24,3.54,1.73,2.2,0.81
199101,7.81,7.14,10.43,8.83,11.08,10.29,6.81,7.15,6.78,8.62,9.43,8.55,6.71,8.04,3.58,8.46,3.92,8.43,4.14,5.33,5.17,5.43,2.17,5.92,3.96
199102,14.18,12.31,13.14,12.26,12.14,11.94,10.32,10,8.03,13.91,9.38,11.47,7.81,8.64,8.54,8.55,9.22,9.05,7.85,5.92,8.1,6.73,5.35,6.18,7.96
199103,10.28,8.61,7.87,6.24,7.84,7.78,5.11,5.56,6.41,6.6,7.59,2.61,2.12,4.87,5.98,4.71,3.97,3.24,3.94,3,4.53,1.98,0.03,1.71,1.19
199104,1.13,0.83,1.23,0.49,0.57,-1.43,0.97,0.95,1.34,1.45,-2.67,-0.85,3.04,2.29,1.7,-0.7,0.14,4.01,1.79,-0.33,0.03,-0.03,0.03,1.32,-0.16
199105,2.35,4.24,4.57,3.22,3.12,5.54,2.95,5.65,3.51,3.64,3.59,6.67,4.86,4.47,0.2,6.64,2.75,6.15,4.29,5.51,3.96,4.71,1.96,3.97,6.9
199106,-7.15,-3.93,-3.91,-3.99,-3.77,-5.13,-5.18,-3.16,-3.03,-5.67,-4.81,-4.31,-3.53,-2.09,-4.99,-5.29,-4.42,-5.73,-3.26,-3.47,-4.32,-5.49,-3.84,-4.85,-3.96
199107,2.57,4.15,2.19,3.39,2.6,4.33,3.48,3.36,3.58,2.4,6,4.27,4.08,3.15,6.71,5.96,3.64,2.57,4.99,7.14,6.39,3.02,4.82,4.93,-0.95
199108,3.84,4.25,2.92,1.4,2.75,4.13,3.6,3.52,3.6,3,5.39,4.2,2.46,4.05,6,1.53,2.7,2.74,3.21,3.14,4.35,0.56,2.81,1.36,1.58
199109,4.28,2.27,0.63,-0.19,-1.22,0.53,0.81,1.95,0.94,-1.98,-0.06,-0.45,-0.74,0.47,-3.1,-0.46,-1.66,-0.64,0.04,-1.07,-2.13,-1.17,-0.98,-0.02,-2.94
199110,7.08,4.23,1.43,3.83,1.45,2.53,1.24,3.22,0.64,1.41,2.86,1.41,1.13,2.78,3.87,2.53,0.4,1.52,2.76,3.45,1.41,0.96,2,2.88,1.27
199111,-1.79,-3.83,-4.44,-2.91,-2.93,-5.04,-5.23,-2.78,-5.2,-6.49,-3.33,-4.66,-3.97,-4.71,-5.91,-2.36,-4.91,-3.74,-3.1,-6.26,-1.23,-5.47,-5.51,-3.54,-9.29
199112,6.27,4.28,5.5,4.13,4.84,11.35,7.21,5.42,6.04,8.06,14.42,10.9,7.13,9.89,11.29,13.28,9.04,9.52,8.66,11.01,15.36,8.88,8.29,6.81,14.32
199201,14.51,16.08,8.59,14.1,16.46,8.2,4.74,6.22,7.36,9.84,1.54,4.48,4.97,5.71,9.3,-0.05,2.28,1.13,0.57,6.29,-3.18,-2.09,-2.5,0.24,6.43
199202,-0.08,5.58,2.79,5.02,9.9,0.44,2.69,1.74,4.63,5.96,0.23,2.1,3.87,2.84,8.34,-0.5,3.01,2.78,2.24,4.9,0.18,-0.44,1.92,4.24,10.86
199203,-6.7,-5.57,-2.45,0.39,-1.24,-8.51,-2.01,-1.74,-0.37,-1.12,-5.24,-2.25,-0.29,0.03,-1.56,-5.79,-1.06,-2.49,-0.91,-2.29,-2.79,-1.79,0.22,-1.44,0.71
199204,-10.13,-3.54,-4.8,-3.93,-2.94,-6.25,-3.36,-2.78,-2.26,-0.33,-5.67,-1.69,-1.15,0.41,2.75,-1.92,0.62,1.74,3.64,3.92,-0.11,5.48,5.58,2.75,10.17
199205,-1.53,0.21,0.02,-1.4,1.78,-0.3,0.5,1.59,1.09,4.17,0.03,-0.91,2.16,0.69,3.78,0.08,1.16,1.45,0.73,0,1.18,0.35,-0.05,0.22,-0.26
199206,-9.19,-5.53,-5,-5.08,-4.26,-5.49,-5.72,-2.4,-3.2,-1.11,-4.85,-3.79,-2.29,-1.44,-0.4,-1.92,-4.37,-1.42,0.28,-1.05,-3.1,0.14,-2.23,-0.26,2.97
199207,0.92,0.92,1.91,2.49,2.85,2.67,4.09,3.07,4.46,3.26,5.47,4.69,3.88,4.93,3.91,5.13,4.11,3.72,4.32,2.33,4.93,3.62,4.83,3.23,-0.33
199208,-4.56,-2.95,-1.75,-2.04,-3.17,-4.23,-3.47,-0.3,-0.44,-3.66,-3.91,-1.98,-2.32,-1.29,-3.18,-1.31,-2.52,-2.35,-1.4,-4.71,-0.6,-3.18,-0.54,-3.68,-8.81
199209,0.32,1.7,1.67,2.09,0.98,1.96,1.57,3.72,2.16,2.23,2.78,2.91,1.85,0.5,1.74,0.46,3.38,1.83,1.05,0.43,0.73,3.36,0.9,0.07,0.2
199210,2.62,1.75,2.78,2.25,1.26,4.79,3.97,2.52,1.27,2.51,5.95,3.54,1.7,2.46,1.25,4.92,0.73,1.02,2.18,4.89,2.03,1.56,-1.77,-1.92,-0.14
199211,10.48,10.45,7.72,8.56,7.8,9.44,8.14,6.58,4.48,6.68,9.77,6.77,6.13,5.08,4.49,6.99,5.01,4.04,2.84,4.06,3.7,4.91,0.64,3.11,8.52
199212,1.45,3.64,4.93,3.79,5.13,1.58,2.57,3.37,6.18,5.04,3.14,5.7,2.34,4.09,4.44,1.44,1.89,4.12,4.24,4.42,-0.69,3.19,3.09,-0.12,2.85
199301,2.63,5.74,3.83,5.82,8.16,-0.7,3.25,4.43,4.66,8.13,-2.02,3.45,4.55,3.37,4.26,0.95,1.54,2.96,2.73,4.57,-2.39,0.92,0.87,3.29,9.3
199302,-7.58,-5.09,-2.16,-0.48,0.79,-7.97,-4.59,-0.26,2.71,1.73,-8.04,0.31,1.36,0.63,3.55,-5.03,1.75,1.55,2.94,2.4,-3.02,2.28,5.04,4.91,2.1
199303,0.57,1.7,3.58,2.62,4.9,0.97,2.45,3.91,2.11,3.86,4.84,3.19,3.02,3.23,6.25,2.85,4.95,4.04,3.27,1.98,0.7,3.55,3.33,0.73,3.43
199304,-3.97,-4.48,-2.88,-2.34,-1.25,-3.21,-3.15,-1.65,-2.33,-4.26,-4.36,-2.76,-2.91,-1.66,-1.44,-5.01,-2.54,-1.86,-1.53,-1.89,-5.96,-2.11,-0.34,-1.56,1.13
199305,5.54,4.4,3.79,3.02,4.7,6.94,4.58,3.41,1.58,4.15,7.77,6.61,2.92,2.4,2.24,6.96,4.09,2.03,1.05,2.71,3.13,4.38,1.41,1.75,-0.51
199306,-1.71,0.58,0.01,-0.7,2.01,-0.36,0.74,0.55,0.35,2.33,-0.79,0.37,1.48,2.75,0.98,0.82,0.58,2.27,1.21,3.82,-2.46,0.91,1.86,1.78,4.84
199307,-1.55,-0.46,0.95,2.22,3.3,-0.1,0.44,1.2,2.86,1.98,-0.36,0.09,1.02,2.32,-0.46,-2.59,1.22,1.18,2.24,0.34,-3.48,0.28,0.99,2.49,0.56
199308,3.89,5.08,3.69,3.36,3.13,3.55,5.85,4.87,5.37,3.51,4.12,4.84,3.56,3.05,2.9,6.22,3.47,4.88,3.52,5.13,3.7,2.12,4.12,4.32,2.38
199309,2.41,2.28,2.95,2.91,3.33,3.69,3.6,2.35,2.27,2.25,4.05,0.9,1.25,1.63,0.39,0.35,2.1,0.24,-0.86,-0.5,-0.88,-1.66,-0.06,1.37,-3.26
199310,5.08,4.82,4.59,4.26,4.48,3.93,2.11,0.79,1.28,0.71,1.95,-1.2,0.68,0.05,4.08,3.3,0.36,-0.52,-0.88,-1.23,4.13,0.55,-0.11,-0.76,5.77
199311,-3.91,-2.91,-2.04,-1.99,-1.91,-2.74,-3.17,-2.56,-4.51,-3.69,-2.62,-2.48,-3.01,-3.31,-0.99,-2.28,-2.95,-2.15,-2.41,-5.19,1.47,-1.65,-2.97,-3.46,3.42
199312,0.68,0.82,1.75,1.28,1.13,2.2,4.5,4.53,1.47,3.87,4.03,6.07,5.57,3.5,2.84,4.2,5.59,3.76,2.32,3.72,0.06,2.3,0.64,1.42,2.69
199401,2.51,6.42,5.22,5.59,6.05,1.39,2.12,1.83,2.9,4.91,1.99,1.87,1.56,2.11,7.29,2.69,3.28,4.04,2.54,2.48,1.34,3.82,4.85,2.9,5.91
199402,-3.2,1.61,-0.47,-0.22,0.02,-0.38,0.23,0.23,-1.74,-1.49,-0.85,1.9,0.86,-1.87,-1.7,-1,0.09,-1.69,-2.54,-5.11,-1.8,-2.01,-3.41,-4.95,-4.91
199403,-7.51,-5.18,-4.21,-5.09,-3.08,-7.25,-5.29,-5.13,-3.77,-5.92,-5.8,-4.73,-4.64,-3.99,-5.7,-5.52,-4.95,-4.6,-2.75,-1.95,-4.76,-3.85,-2.84,-4.62,-4.43
199404,-3.74,-0.55,-1.49,-0.65,0.74,-0.88,0.6,1.75,1.39,2.15,-1.54,2.29,0.83,0.95,1.69,-0.3,0.93,1.44,2.31,1.41,1.4,-1.06,3.07,1.25,2.16
199405,-2.32,-2.1,-0.35,-0.4,-0.51,-2.41,-2.37,-1.21,0.14,1.1,-2.12,-1.56,0.36,-1.28,-0.2,-0.17,0.19,0.24,-1.25,-1.75,1.16,3.9,1.83,0.7,1.15
199406,-6.71,-4.38,-4.52,-2.2,-1.75,-5.52,-2.9,-0.72,-1.25,-1.5,-4.5,-2.62,0.08,-0.98,-1.73,-5.18,-2.77,-2.04,-1.73,-4.18,-2.46,-3.08,-2.13,-1.77,-3.58
199407,0.44,-0.2,0.03,0.49,1.36,2.44,1.88,1.68,2.21,3.08,3.1,1.95,1.84,3.2,4.1,2.25,2.76,3.97,5.14,5.29,2.67,3.33,4.63,3.48,2.56
199408,3.56,4.42,4.28,2.32,3.14,9.24,5.68,3.71,4.49,4.88,9.81,4.26,5.38,1.94,6.1,7.94,5.3,1.91,3.1,5.26,6.23,2.81,1.64,4.24,1.96
199409,1.06,1.71,1.01,2.57,0.79,0.2,0.64,-0.23,-0.79,-1.56,1.06,-1.95,-1.84,-1.4,-1.38,-0.52,-2.58,-2.05,-3.7,-2.8,-0.56,-3.77,-3.06,-3.23,-6.02
199410,-1,1.23,-0.05,1.74,-0.23,1.67,-0.11,-0.6,-0.92,-3.51,3.09,-0.05,-0.1,-1.35,-1.91,1.35,1,-0.04,-0.24,-2.8,3.07,1.64,3.92,2.08,0.12
199411,-4.4,-3.29,-3.6,-2.98,-2.99,-2.69,-3.8,-3.72,-3.7,-5.34,-5.52,-4.28,-4.15,-3.4,-5.11,-3.82,-3.51,-4.2,-3.62,-6.24,-1.78,-4.81,-2.78,-5.41,-3.83
199412,-3.11,-0.44,-0.36,0.15,-0.21,1.75,2.17,2.39,2.35,1.4,1.77,3.57,2.07,3.17,4.37,1.92,1.05,0.47,0.84,1.43,0.66,2.2,0.65,1.8,2.08
199501,1.74,2.14,3.6,1.36,2.55,-1.7,-0.88,-0.36,-0.38,0.1,-1.72,-1.27,-0.95,0.82,-0.28,0.74,1.1,1.44,3.47,2.41,2.86,3.38,4.18,2.03,1.33
199502,2.24,3.48,1.89,2.02,3.47,3.59,3.75,3.55,4.02,5.33,5.7,4.51,4.37,4.68,5.57,3.93,5.47,4.79,3.77,5.17,3.37,4.59,2.67,4.38,6.43
199503,0.83,1.87,0.92,1.3,0.71,4.07,1.9,2.93,1.47,2.11,3.57,2.06,1.19,0.32,1.57,3.15,3.41,1.92,2.23,0.53,2.92,3.2,2.61,2.37,2.04
199504,1.71,3.31,2.6,2.1,4.34,0.31,0.96,3.72,2.91,3.13,0.28,0.71,2.35,3.73,2.47,1.1,1.75,3.13,1.27,3.19,2.51,2.5,2.83,3.67,5.11
199505,1.7,2.74,1.27,1.54,3.3,1.27,1.34,1.44,2.7,2.87,2.14,-0.56,2.89,2.77,2.44,2.07,1.75,2.24,3.72,4.78,3.8,2.98,4.77,5.16,6.01
199506,7.75,7.97,5.84,4.39,5.2,9.6,4.38,4.09,4.98,4.26,6.46,2.48,3.74,3.21,2.46,6.77,3.84,2.06,2.44,3.06,3.96,1.67,0.23,2.15,1.55
199507,7.01,6.19,5.87,4.27,5,8.82,5.98,3.73,6.18,4.7,8.23,4.16,4.47,4.63,5.54,8.36,5.4,3.72,4.1,3.16,2.99,3.39,4.15,3.84,2.99
199508,4.21,4.8,4.27,3.89,4.14,0.69,1.43,1.91,3.24,3.72,0.39,1.51,1.85,3.39,3.96,0.12,1.86,1.82,2.06,3.44,0.02,0.78,-0.21,1.58,4.22
199509,3.25,2.86,1.7,2.31,2.4,2,2.17,1.82,2.52,0.01,2.77,0.56,2.13,2.23,-0.68,3.96,1.57,1.95,2.46,1.27,5.83,3.94,2.23,5.55,3.94
199510,-6.1,-6.21,-5.06,-2.55,-2.87,-6.94,-6.7,-5.48,-4.44,-5.22,-2.63,-3.95,-2.41,-3.38,-3.44,-1.65,-4.44,-2.59,-0.1,-2.85,0.53,1.18,0.57,-3.28,-3.83
199511,1.85,2.29,1.03,2.34,1.49,4.66,4.63,3.7,5.33,5.76,6.31,3.24,3.6,4.64,6.34,4.48,3.55,4.42,4.58,5.95,4.57,2.52,4.35,6.96,5.07
199512,2.32,3.27,1.52,1.56,1.39,2.73,3.41,3.22,2.72,3.25,1.59,2.07,2.9,2.92,0.71,-2.02,0.87,1.5,1.2,-0.69,0.58,2.08,3.54,1.32,3.02
199601,2.05,-0.1,1.17,0.87,1.12,-0.58,-0.97,0.46,-0.54,1.32,-2.52,0.58,-0.13,1.5,0.25,1.58,2.23,2.07,1.61,2.19,3.9,3.04,3.05,3.57,3.45
199602,3.41,1.99,3.29,2.72,3.33,5.08,4.72,1.75,2.22,1.55,5.81,3.8,2.09,2.23,1.7,5.21,0.81,1.34,0.95,-1.09,1.04,1.59,1.53,1.25,2.22
199603,2.85,3.73,2.44,4.66,2.06,2.42,2.2,1.28,1.79,3.85,2.56,1.61,3.6,3.13,2.11,1.16,1.17,2.03,0.65,2.64,-0.3,1.29,1.02,2.27,2.68
199604,8.61,9.49,9.12,5.62,5.67,10.45,7.77,2.79,4.02,6.23,6.43,3.45,1.95,1.65,0.48,6.34,5.02,3.1,0.19,-1.94,1.43,2.76,1.51,-0.93,0.26
199605,8.06,6.01,8.47,7.3,5.04,6.26,3.87,4.4,4.7,7.41,3.54,3.16,1.57,1.89,0.68,3.01,0.12,1.23,1.23,0.42,4.5,1.06,0.36,2.49,2.72
199606,-7.49,-5.83,-4.96,-3.26,-2.37,-6.67,-3.78,-1.93,-0.31,-5.45,-7.79,-1.38,-1.24,-0.52,-1.09,-4.1,-2.18,-1.27,0.95,0.53,1.44,0.2,0.44,-0.63,-2.56
199607,-14.57,-9.88,-7.63,-4.27,-5.75,-15.42,-9.35,-7.06,-4.92,-6.15,-11.82,-7.15,-4.89,-6.12,-6.06,-9.02,-5.3,-4.71,-4.2,-5.31,-5.1,-4.48,-2.94,-3.97,-4.66
199608,4.65,4.58,3.94,4.03,3.94,7.72,6.32,2.54,4.79,5.25,8.25,6.32,5.77,7.02,4.32,5.74,5.56,5.03,4.81,4.57,1.46,1.71,4.25,2.37,2.82
199609,2.82,2.58,2.33,3.02,2.89,5.71,2.82,2.27,3.74,4.15,7.99,4.34,3.15,2,2.44,5.72,4.66,3.1,4.12,3.75,7.22,4.82,4.81,3.53,1.49
199610,-5.61,-2.2,-1.27,1.27,0.87,-5.26,-2.02,1.18,2.04,1.12,-6.5,-2.65,0.37,2.21,-0.23,-3.76,1.78,1.49,2.68,3.15,1.45,1.77,4.61,4.94,5.96
199611,-0.72,2.22,3.4,4.54,4.21,1.39,3.21,5.02,4.12,4.22,1.79,6.35,6.29,6.23,4.58,5.6,5.31,6.5,5.84,8.63,7.72,6.98,8.08,8.47,6.91
199612,-0.88,1.93,2.29,2.27,1.74,1.51,1.57,3.63,3.84,1.98,-0.51,0.48,1.95,0.62,1.87,-2.17,0.08,-0.12,0.42,1.8,-2.13,-0.46,-2.64,-1.72,-2.37
199701,6.24,5.6,6.46,4.72,3.77,3.83,3.53,1.23,1.1,1.89,0.23,3.52,2.11,2.86,4.56,2.39,3.9,3.5,1.57,5,7.83,5.59,5.2,4.94,3.77
199702,-5.9,-5.06,-1.77,0.29,1.02,-9.17,-1.94,-1.04,1.42,2.28,-6.68,-0.46,0.52,0.96,1.44,-3.95,1.42,0.9,2.35,3.55,0.65,-0.81,-0.03,3.12,3.02
199703,-9.66,-6.49,-3.4,-1.97,-2.12,-9.13,-5.8,-2.27,-2.84,-1.4,-8.03,-3.68,-3.16,-2.27,-2.66,-7.15,-4.91,-2.41,-4.29,-3.63,-5.35,-2.56,-2.87,-5.27,-5.56
199704,-5.17,-3.78,-3.13,-1.54,-2.55,-4.16,0.07,-0.65,2.07,0.57,-1.26,2.76,3.4,3.27,1.55,1.91,2.89,2.59,2.76,1.92,8.13,3.34,5.14,3.73,3.94
199705,12.23,12.47,10.29,8.32,8.18,17.7,12.82,9.67,9.72,8.02,15.5,10.68,6.7,7.04,8.28,9.72,7.35,5.51,7.16,7.75,6.48,6.9,5.11,5.27,5.48
199706,3.99,4.7,5.8,7.87,7.08,2.96,4.64,6.33,5.84,6.41,4.03,3.4,5.27,5.1,5.74,2.04,4.3,3.93,3.62,4.18,4.47,3.55,4.91,4.81,2.08
199707,3.85,5.12,6.14,6.04,5.86,4.86,6.04,3.84,5.21,5.44,5.23,6.73,6.44,5.52,6.59,6.77,6.94,7.13,7.17,6.13,8.1,7.74,10.04,6.53,9.38
199708,5.76,4.59,3.15,4.01,4.3,3.79,1.51,4.31,2.43,3.5,2.76,3.22,1,0.02,0.8,0.28,0.1,0.27,-0.82,0.09,-7.24,-3.59,-5.64,-5.46,-2.95
199709,10.44,9.84,9.83,8.13,8.79,7.64,7.91,7.9,8.02,6.65,7.16,6.77,7.47,6.52,6.63,5.12,4.99,5.93,5.93,4.16,4.86,5.53,6.07,6.69,6.34
199710,-5.61,-3.58,-3.89,-1.12,-1.11,-6.3,-4.39,-3.91,-2.84,-3.67,-6.02,-3.96,-3.6,-2.48,-3.35,-6.57,-5.69,-2.56,-3.94,-5.88,-2.35,-4.01,-3.2,-2.13,-3.09
199711,-3.43,-3.31,-2.01,-0.19,-0.45,-3.35,-2.36,-0.86,0.58,-0.61,-3.41,-2.48,2.04,2.36,0.98,0.8,0.56,3.6,3.69,3.13,5.34,5.21,2.98,4.67,2.29
199712,-6.02,-3.28,-0.74,0.15,1.45,-0.47,-2,1.69,3.76,2.29,0.74,0.64,2.86,4.72,3.05,-1.59,1.77,3.59,6.18,0.95,1.16,1.66,3.54,3.17,5.02
199801,0.22,-0.69,-1.27,-1.14,-0.62,0.03,-1.14,-2.45,-2.2,-1.5,-0.45,-2.04,-1.59,-4.62,2.92,-1.87,-0.06,-2.22,-1.27,1.35,3.96,-0.22,-3.37,0.16,0.62
199802,6,6.92,5.67,5.92,6.57,9.18,8.29,9.31,7.06,7.07,9.09,9.14,6.9,8.96,8.58,9.67,7.46,7.16,5.8,6.47,7.24,6.16,9.1,7.04,9.4
199803,5.18,5.09,5.48,4.72,5,4.35,6.36,2.57,4.3,4.74,4.18,3.07,4.88,4.37,6.42,3.75,5.37,5.26,4.09,7.54,4.61,5.14,5.43,7.44,7.39
199804,2.2,2.9,3.61,2.76,2.42,-0.5,1.91,0.96,2.58,1.87,1.28,-0.58,0.5,-0.06,1.18,-0.14,-0.02,0.14,0.04,1.18,1.18,1.77,1.55,0.98,1.4
199805,-6.24,-7.09,-3.34,-2.91,-2.57,-8.72,-5.81,-5.21,-2.78,-3.72,-7.45,-6.12,-4.74,-4.38,-3.23,-5.39,-2.95,-3.57,-2.18,-3.54,-2.35,-1.65,-2.71,-0.88,4.3
199806,-0.5,1.22,-1.5,-0.93,-1.62,1.94,-1.1,-0.83,-0.91,-0.1,3.52,-1.39,-1.44,0.41,-0.14,1.23,-0.2,0.39,1.21,-0.15,7.67,1.41,2.79,3.29,2.99
199807,-7.61,-7.56,-5.7,-6.12,-5.92,-7.53,-7.35,-9.62,-8.22,-7.3,-8.01,-7.31,-8.15,-8.76,-7.33,-5.82,-5.72,-5.29,-5.17,-4.26,0,-0.31,-3.1,-3.02,-0.58
199808,-27.41,-21.29,-20.87,-18.99,-18.36,-25.41,-19.77,-17.72,-17.37,-17.26,-23.25,-21.48,-17.02,-16.25,-16.99,-20.57,-18.99,-16.93,-11.65,-13.04,-13.12,-16.09,-17.03,-13.66,-15.6
199809,6.51,3.88,3.67,3.22,1.48,12,7.69,5.18,4.8,5,11.54,5.04,9.15,4.49,1.99,6.83,6.63,6.68,5.35,6.11,8.47,4.21,3.74,3.61,7.22
199810,3.37,2.85,1.66,2.96,0.97,4.77,5.92,3.61,2.91,2.63,4.41,6.68,4.2,3.66,4.43,8.65,9.5,6.13,3.54,4.13,7.68,9.14,8.05,7.62,6.83
199811,9.98,8.54,6.37,7.01,8.36,9.64,6.33,3.7,4.59,5.09,8.92,6.14,3.53,2.24,3.95,7.41,2.37,3.97,4.24,3.32,7.62,6.57,4.24,5.4,5.21
199812,4.32,1.75,3.39,0.59,1.67,7.2,5.23,2.52,4.34,5.02,11.84,6.84,4.02,3.89,3.72,10.72,4.33,3.21,3.59,2.07,9.29,3.98,0.47,3.31,4.82
199901,8.07,4.74,5.52,3.64,4.32,6.05,1.04,-2.35,-2.34,0.69,4.65,1.54,-2.3,-2.36,-3.01,1.56,-2.36,-2.85,-3.55,-2.47,6.1,3.09,-1.4,1.07,4.76
199902,-7.6,-7.67,-6.66,-5.2,-5.85,-9.27,-9.84,-6.3,-8.35,-10.58,-9.1,-9.06,-5.33,-7.57,-4.84,-5.39,-3.56,-2.76,-4.24,-2.11,-4.75,-2,1.65,-0.66,-2.77
199903,-3.22,-6.25,-1.68,-3.51,-3.19,0.5,-0.01,0.87,-0.7,-2.97,3.94,3.72,2.66,-2.02,-0.45,3.33,3.84,1.37,0.59,-0.3,4.81,1.58,5.66,4.69,1.6
199904,7.73,8.75,12.77,10.15,9.15,10.88,9.37,7.74,7.94,8.41,7.49,13.18,9.97,9.14,9.82,6.82,10.48,9.03,10.37,10.98,-0.37,9.11,9.21,5.65,4.9
199905,1.84,4.28,0.36,3.24,4.62,1.42,0.5,2.25,4.56,4.14,-0.17,-0.62,1.35,2.16,2.6,3.12,-0.52,1.58,2.21,0.05,-3.75,-0.22,-2.65,0.65,-1.28
199906,6.43,8.49,8.27,6.22,5.99,8.17,7.48,7.29,4.78,6.52,4.71,4.48,3.01,2.44,4.98,7.86,8.5,2.78,2.24,4.13,6.74,4.97,2.7,-0.02,-0.64
199907,0.81,2.42,1.1,1.27,1.83,-2.35,-0.36,-1.37,-2,-3.87,-3.08,-2.13,-1.71,-1.84,-0.85,-2.53,-2.49,0.08,-1.42,-1.82,-3.01,-3.67,-4.82,-2.78,-7.66
199908,-3.29,-1.32,-2.78,-1.68,-3.35,-3.2,-3.94,-4.17,-3.31,-4.16,-2.28,-5.59,-3.8,-3.29,-0.98,-1.84,-4.54,-2.57,-2.38,-6.24,0.8,-3.63,-2.02,-4.46,2.53
199909,1.88,-0.31,-1.14,-2.62,-3.88,0.39,1.03,-0.84,-2.51,-1.2,3.16,1.19,-3.36,-2.63,-2.79,1.89,-3.55,-3.59,-4.81,-1.52,-1.94,-3.2,-6.9,-8.99,-7.64
199910,-0.28,1.03,-2.02,-0.44,-2.69,2.9,-0.65,-0.77,-1.35,-5.42,2.71,0.57,-0.78,-1.24,-0.32,8.26,1.19,2.56,2.83,4.91,6.49,10.37,7.19,3.07,7.37
199911,19.93,11.29,10.57,7.15,6.74,12.39,7.88,5.34,2.83,3.24,11.79,7.07,-1.57,-0.58,0.97,11.58,-0.61,-1.21,0.12,2.93,4.56,-0.87,-4.06,-5.81,0.31
199912,24.83,25.13,8.47,12.08,7.77,17.47,11.91,4.73,3.8,6.65,15.98,9.38,-0.03,4.1,3.61,21.22,4.04,0.73,6.72,4.7,8.2,1.89,1.75,-0.06,-0.13
200001,9.95,5.37,4.87,3.53,5.04,0.41,-2.17,-2.18,0.48,-2.89,-3.38,-4.87,-1.84,-3.64,-6.81,-3.9,-2.61,-3.22,-4.69,-10.9,-5.03,-3.21,-5.72,-7.22,-1.63
200002,38.94,40.94,22.06,25.45,14.92,28.18,17.62,6.74,7.62,14.55,24.61,9.98,1.81,-0.63,-0.53,26.22,0.57,-1.49,2.58,-5.36,0.54,-5.31,-10,-10.18,-8.26
200003,-13.38,-19.91,-8.7,-6.47,-3.09,-13.45,-4.7,-1.88,-0.05,-1.63,-14.99,4.17,10.38,6.78,11.92,-3.28,12.97,14.07,10.24,13.1,9.26,11.44,9.77,16.09,15.65
200004,-23.6,-17.51,-10.03,-11.35,-9.82,-12.44,-8.4,-4.24,-2.69,-2.55,-9.88,0.35,-3.01,3.87,0.13,-7.44,-2.37,3.61,-0.09,2.04,-4.47,-3.29,3.29,2.71,6.67
200005,-13.98,-9.66,-4.78,-8.06,-6.79,-10.21,-4.89,-5.95,-7.43,-0.91,-4.93,-3.54,-1.13,-0.45,2.46,-7.76,0.1,-1.76,0.06,0.14,-3.72,0.11,4.26,0.46,-4.71
200006,29.94,27.05,17.35,18.37,10.69,14.09,11,3.98,4.82,9.21,15.31,1.63,0.34,-0.99,2.41,10.96,3.49,-3.48,-3.29,-4.42,5.86,-4.23,-7.53,-8.53,-7.74
200007,-8.66,-1.25,0.74,1.23,1.48,-7.68,-0.97,1.54,0.89,2.07,-10.24,-0.76,3.25,4.11,8.37,-7.1,-1.16,3,3.35,1.28,-2.96,0.07,5.75,8.28,1.13
200008,9.22,8.59,3.97,5.48,5.08,8.02,3.69,4.98,6.12,6.98,8.61,9.57,6.95,6.59,7.71,13.56,6.61,5.11,7.56,5.45,7.44,7.39,9.9,1.88,12.86
200009,-10.31,-0.96,-3.78,-0.11,-0.88,-4.77,-2.71,0.21,-1.2,-2.14,-10.32,-2.57,0.6,2.57,-1.17,-9.41,-0.41,-0.9,2.65,-3.14,-6.07,-2.76,4.43,6.8,-3.81
200010,-11.97,-10.58,-2.45,-5.89,-4.23,-8.98,-0.92,-1.02,0.14,-1.74,-10.31,-1.66,-1.38,0.48,2.79,-5.51,2.1,2.91,-1.86,4.2,-2.16,1.88,-3.9,4.16,0.19
200011,-20.9,-12.47,-6.67,-4.32,-4.59,-18.11,-5.98,-2.96,-4.27,-3.61,-19.79,-7.11,-5.77,0.58,1.86,-18.61,-0.69,0.35,2.14,-1.04,-10.61,-5.71,-5.2,-1.8,-5.85
200012,-9.7,1.38,0.18,3.69,2.77,-0.43,7.99,12.62,10.37,12.04,2.91,13.49,11.16,13.43,9.94,4.62,9.36,10.68,11.56,15.96,-1.32,8.24,7.27,7.26,1.06
200101,27.02,17.22,14.05,11.82,13.09,15.1,8,4.08,5.53,5.67,12.73,2.81,-0.16,-1.55,3.31,7.09,1.19,-0.35,-2.76,3.29,3.27,2.99,3.9,-1.13,2.9
200102,-13.72,-9.24,-1.8,0.46,-0.26,-13.75,-2.37,-1.35,-2,2.38,-17.26,-3.7,-0.43,1.23,0.63,-14.94,-2.6,0.26,0.58,0.68,-11.98,-2.9,-0.82,2.85,3.13
200103,-12.23,-1.15,-1.19,-0.11,-1.8,-5.65,-0.49,-2.45,-1.31,-1.24,-11.52,-4.43,-3.47,-3.55,0.72,-11.47,-3.19,-2.05,-0.53,-1.56,-8.52,-2.54,-0.62,-1.18,-2.97
200104,8.9,7.06,2.51,4.93,5.25,11.22,4.93,7.12,4.38,5.17,11.4,8.78,5.8,4.77,6.09,16.19,7.7,4.87,8.13,8.09,9.11,4.99,3.84,2.71,6.62
200105,12.96,11.28,9.27,11.37,10.46,2.44,3.98,2.17,4.87,4.46,4.9,0.2,3.24,0.61,1.67,3.36,3.82,3.13,1.09,4.45,0.03,1.68,2.89,0.99,4.94
200106,2.38,2.9,4.92,3.12,0.21,6.64,9.54,7.1,6.29,3.92,5,-1.01,1.13,0.33,0.77,3.64,-1.16,-1.16,-3.46,3.19,-2.22,-3.86,-0.21,-2.33,1.94
200107,-9.34,-7.65,-2.34,0.23,-0.34,-10.19,-7.56,-6.53,-3.03,-3.46,-9.27,-4.38,-2.86,-0.78,2.05,-5,-1.84,1,1.95,-0.71,-1.62,-0.35,-2.13,-2.22,5.29
200108,-8.27,-5.26,-3.4,-1.29,-1.07,-10.2,-4.42,-2.42,-1.39,-1.19,-7.19,-3.45,-3.14,-0.87,-1.42,-7.27,-4.12,-3.51,-1.6,-10.46,-7.25,-4.23,-3.08,-8.29,-8.61
200109,-15.99,-15.15,-10.13,-9.36,-13.77,-18.75,-15.66,-12.06,-15.26,-16.67,-15.54,-13.56,-11.93,-12.58,-19.19,-16.66,-12.68,-9.71,-13.82,-17.52,-7.4,-9.1,-7.15,-10.94,-2.91
200110,9.12,7.38,6.89,4.21,4.76,11.85,8.67,5.09,2.55,4.12,13.4,6.52,4.21,3.97,9.78,8.7,3.32,0.86,3.93,2.2,3.43,-0.35,-1.64,1.52,-13.24
200111,7.1,10.37,4.51,6.18,6.79,10.48,8.26,6.07,10.21,11.51,9.83,6.59,7.01,8.85,12.79,10.72,8.79,6.72,10.39,10.14,7.89,6.18,5.33,10.76,13.06
200112,12.46,7.13,5.87,5.78,7.23,8.3,5.68,7.09,7.72,7.59,5.12,6.3,6.69,5.65,7.43,3.74,4.58,6.16,5.19,4.32,0.01,2.89,3.48,-1.27,1.48
200201,-7.95,-1.03,2.64,3.32,5.1,-6.38,-2.33,0.32,0.94,1.42,-4.89,-1.67,-1.07,1.93,3.86,-3.79,-0.43,1.44,2.73,-4.08,-0.7,-2.43,-1.25,-1.08,-6.38
200202,-10.3,-5.86,-3.7,-1.42,-3.4,-9.69,-6.19,-0.4,1.42,-0.38,-7.14,-1.2,-0.2,-0.01,3.87,-4.14,1.2,1.39,-2.46,3.51,-2.7,0.75,-0.18,-1.42,-9.85
200203,5.9,7.74,7.85,8.03,9.93,8.7,9.34,7.45,7.82,12.44,8.37,6.78,7.14,7.38,9.41,6.78,6.8,5.84,5.08,7.71,3.06,5.67,4.18,6.52,2.75
200204,-9.48,0.29,2.37,3.43,5.47,-4.86,0.54,3.56,4.41,4.55,-5.02,1.24,1.53,1.11,-0.35,-3.47,1.11,-0.75,-0.97,-0.53,-7.84,-4.08,0.68,-1.71,-16.52
200205,-7.23,-5.41,-2.38,0.96,0.2,-7.53,-5.61,-4.06,-3.2,-6.2,-5.68,-3.23,-3.62,-2.35,-3.52,-3.32,-0.54,-0.24,-1.62,1.16,-1.41,0.29,0.15,2.69,-6
200206,-9.13,-6.14,-0.79,0.47,-1.06,-7.96,-5.49,-1.53,-1.38,-3.45,-7.5,-7.38,-5.56,-4.52,-7.25,-9.6,-7.43,-6.84,-5.47,-10.05,-7.53,-4.83,-5.66,-10.64,-14.3
200207,-19.24,-15.67,-14.18,-11.58,-12.08,-16.27,-16.75,-14.02,-15.39,-19.39,-8.4,-10.15,-11.42,-13.55,-16.27,-10.45,-8.26,-10.61,-11.06,-18.44,-5.2,-10.02,-7.63,-9.95,-14.32
200208,0.81,-1.8,-2.72,-0.37,-2.08,0.19,0.85,-0.53,0.95,-0.6,0.28,0.01,2.55,2.18,3.95,-1.04,-0.27,1.35,0.18,5.11,0.22,0.16,1.5,4.14,7.91
200209,-10.96,-7.82,-8,-7.04,-6.76,-7.98,-6.73,-5.81,-8.25,-8.24,-7.9,-8.62,-9.34,-7.01,-10.07,-8.5,-8.89,-12.54,-11.54,-21.81,-11,-11.44,-8.36,-8.67,-8.87
200210,5.56,4.85,3.37,1.38,1.22,10.04,3.04,3.87,1.95,-2.16,6.45,3.07,6.02,2.96,0.16,6.65,5.82,3.22,4.19,3.23,9.65,10.75,3.37,6.77,9.36
200211,18.15,12.45,10.49,8.18,9.32,12.99,10.4,7.97,5.96,7.71,9.69,7.78,6.22,6.22,11.09,9.64,7.19,9.4,8.63,15.52,4.67,6.25,4.87,6.87,7.22
200212,-10.11,-5.85,-5.47,-1.86,-2.37,-10.2,-6.96,-4.73,-3.2,-3.56,-7.38,-4.51,-2.75,-3.93,-5.95,-7.09,-4.91,-3.44,-4.45,-1.85,-6.32,-5.93,-3.13,-4.71,-8.4
200301,-0.49,-0.62,-1.79,-0.49,0.25,-3.47,-3.14,-2.68,-2.09,-1.91,-1.66,-3.9,-3.26,-4.05,-3.63,-1.35,-3.06,0.07,-3,-6.47,-2.8,-2.75,-1.61,-5.11,-4.74
200302,-6.41,-2.82,-2.15,-1.48,-2.37,-2.67,-1.79,-2.19,-2.66,-6.78,-4.15,-0.98,-2.19,-3.83,-3.05,-3.15,-1.63,-2.22,-1.25,-6.86,-0.53,-3.85,-2.87,-3.84,-5.3
200303,1.87,1.69,0.53,1.76,-0.21,2.61,0.52,0.44,1.72,-0.2,3.28,0.64,-0.06,-0.33,1.87,1.29,-0.65,0.78,1.44,-4.3,1.97,0.14,1.07,-0.95,-3.39
200304,12.3,11.19,7.98,7.2,9.76,10.31,9.65,9.08,9.85,9.77,8.76,8.63,9.72,11.96,10.79,8.88,7.33,10.76,7.61,8.73,7.18,9.6,8.4,10.66,13.39
200305,20.48,14.73,11.8,9.95,11.26,12.9,10.34,11.12,9.6,10.8,8.78,8.77,9.14,10.16,9.03,10.16,9.9,8.76,9.71,9.33,4.29,6.48,6.45,6.57,7.35
200306,6.54,4.31,4.89,3.69,5.95,1.86,0.38,1.16,2.45,3.93,2.63,1.84,0.12,0.89,3.46,1.32,0.72,-0.13,-0.69,8.1,0.97,2.09,2.58,-0.94,3.22
200307,9,7.84,8.48,9.24,7.72,8.02,6.2,6.12,6.34,8.33,7.64,4.56,1.72,4.08,3.8,3.8,4.09,2.97,6.04,0.83,1.23,3.88,1.24,-1.54,3.98
200308,4.52,4.91,3.96,4.52,7.11,4.4,3.07,5.28,5.15,6.1,4.12,3.97,4.22,8.76,8.56,5.1,3.79,3.95,5.01,9.3,1.95,0.85,1.04,2.43,3.25
200309,3.32,0.19,0.25,2.36,4.68,-2.31,-1.75,-2.42,-4.23,-0.85,-1.99,-3.11,-1.91,-1.88,-1.42,-1.78,-2.21,-1.14,-1.07,0.36,-0.65,-1.29,-1,-4.13,-1.45
200310,5.92,8.95,7.47,10.89,11.34,9.42,7.35,6.75,10.28,10.87,9.16,6.36,6.39,10.42,13.2,7.77,8.62,8.45,9.38,7.98,4.01,7.55,8.27,5.42,5.01
200311,2.67,3.42,4.95,3.63,6.96,2.62,3.43,2.97,3.91,3.84,3.74,3.05,1.93,5.59,2.21,1.29,3.01,3.75,3.43,4.29,0.88,0.45,1.05,0.95,4.28
200312,0.32,2.66,2.95,1.5,4.36,1.37,2.64,2.48,2.26,3.46,-0.52,2.65,4.15,1.91,7.22,0.86,3.26,2.6,5.09,2.99,4.6,5.08,4.88,7.49,6.14
200401,5.93,6.31,5.49,6.36,8.37,3.33,3.74,3.18,4.26,7.12,3.24,1.99,1.54,3.33,6.38,1.71,1.54,4.57,2.67,4.8,1.45,1.44,2.96,1.11,4.74
200402,0.54,0.15,-0.01,0.99,0,1.13,1.84,0.94,-0.47,0.26,0.01,2.65,3.49,1.97,0.52,2.35,2.05,2.46,3.48,0.68,1.05,2.18,1.25,1.7,5.02
200403,-1.55,-0.52,-0.76,0.53,-0.8,2.37,1.72,-0.74,1.47,1.58,1.61,0.76,0.17,0.3,0.87,0.41,-0.78,1.13,-1.06,-0.99,-2.3,-0.76,-1.67,0.12,-1.04
200404,-4.18,-5.17,-3.38,-3.85,-6.6,-3.99,-4.49,-2.2,-4.26,-8.37,-1.84,-2.81,-3.03,-5.79,-5.78,-1.54,-4.65,-3.89,-2.74,-3.48,0.29,-3.2,-3.17,-2.26,-1.07
200405,-2.07,-0.55,0.22,-0.67,0.79,1.6,1.35,1.43,1.21,3.68,1.43,2.39,1.94,1.51,1.65,1.15,2.16,2.72,1.27,4.35,1.39,1.07,0.41,0.54,0.27
200406,1.26,4.68,4.23,3.16,4.18,3.22,4.53,5.87,5.17,8.41,2.24,4.81,1.88,2.39,4.64,1.48,2.59,2.42,3.31,4.34,1.43,1.51,0.32,3.01,3.48
200407,-12.93,-7.91,-6.74,-5.47,-4.23,-8.71,-7.85,-6.05,-4.82,-4.09,-8.7,-5.88,-3.46,-2.36,-4.59,-6.12,-5.27,-4.2,-5.83,-1.85,-4.95,-1.45,-0.8,-1.95,-1.39
200408,-1.56,-0.86,-1.17,-1.54,-1.77,-4.52,-1.45,0.39,0.39,0.59,-2.42,-1.71,0.95,0.32,-1.61,-1.59,-0.75,0.26,0.8,0.12,-0.34,1.67,1.12,0.96,0.19
200409,4.96,4.17,5.63,4.14,3.75,8.2,5.58,5.11,4.32,4.18,4.19,4.69,3.55,3.32,2.78,2.91,3.01,4.35,3.04,3.37,0.08,1.49,1.83,1.31,4.14
200410,1.62,2.41,3.11,0.49,0.49,3.33,2.99,1.76,0.15,2.94,2.13,4.17,1.63,0.74,1.31,4.06,2.69,1.61,1.58,-0.29,1.44,0.66,3.26,0.29,2.25
200411,10.67,8.53,8.35,7.55,9.68,7.43,9.44,9.01,9.28,11.4,5.54,7.1,7.49,7.03,9.52,5.34,7.05,7.08,7.24,9.39,3.05,4.43,5.81,3.5,6.16
200412,5.2,4.54,3.89,3.11,6.22,3.68,3.18,2.52,2.59,3.69,5.5,3.68,1.84,2.09,4.72,4.25,4.2,3.75,5.15,2.95,3.81,2.76,1.51,5.53,2.37
200501,-6.22,-4.16,-4.28,-3.01,-1.39,-5.69,-3,-4.02,-2.85,-2.47,-2.99,-3.99,-3.29,-0.59,-3.22,-3.01,-3.69,-3.08,-1.76,-2.01,-3.19,-1.56,-1.62,-2.29,-0.14
200502,-1.16,-0.28,-0.47,1.36,3.05,2.67,1.48,2.45,4.42,3.33,0.69,2.92,3.5,2.32,2.24,2.01,2.24,3.07,3.33,4.79,0.72,4.75,2.7,0.49,4.97
200503,-5.7,-2.98,-3.22,-2.39,-2.49,-4.2,-2.15,-2.53,-0.71,-1.45,-1.88,-2.46,-2.45,-2.48,-0.28,-2.17,-0.12,1.21,-2.36,-1.68,-1.12,-3.79,-0.8,-0.35,-0.77
200504,-5.75,-6.68,-5.33,-6.75,-6.69,-7.32,-6.49,-6.23,-5.96,-5.86,-5.07,-3.96,-5.35,-5.44,-4.13,-3.91,-4.59,-4.4,-2.71,-3.07,-1.04,-2.35,-2.1,-1.04,-3.04
200505,6.87,6.21,4.85,3.72,5.39,9.57,8.14,6.61,5.82,7.12,5.91,6.25,5.3,4.32,7.21,6.27,5.99,5.21,6.49,5.26,3.83,2.75,1.36,2.23,3.78
200506,3.79,3.62,4.58,4.26,5.36,2.04,4.47,4.42,4.33,3.92,2.18,2.37,3.03,4.46,3.74,1.18,1.75,3.33,4.69,3.28,-1.63,1.25,1.59,1.43,3.08
200507,7.9,7.63,7.04,6.84,6.89,6.82,6.78,7.44,5.85,7.06,4.53,6.21,6.66,4.79,4.85,5.98,5.44,5.23,7.05,5.09,4.74,2.84,1.01,3.84,4.26
200508,-2.42,-0.41,-1.44,-0.89,-0.85,-2.69,-0.96,-1.51,-1.59,-2.08,-2.46,-0.41,-0.76,-1.55,-0.61,-1.64,-0.57,-0.1,0.94,-1.41,-1.53,-1,-0.69,0.87,-0.63
200509,1.16,1.8,0.11,1.21,-0.89,0.3,1.2,1.11,0.58,0.34,-0.82,2.14,1.14,-0.48,0.57,0.6,-0.56,1.79,3.8,1.69,-0.24,1.27,1.48,1.34,2.52
200510,-3.89,-3.26,-2.8,-2.16,-2.1,-3.33,-1.92,-3.11,-2.85,-2.89,-3.16,-3.98,-1.6,-3.9,-3.49,-1.08,-3.51,-2.82,-4.4,-3.63,-0.32,-3.01,-1.26,-1.26,-1.41
200511,4.86,4.76,4.89,3.97,3.58,5.27,4.78,4.77,5.06,3.35,7.03,5.92,4.52,4.31,1.72,5.56,4.93,3.89,2.9,4.89,3.58,4.16,3.81,3.39,2.29
200512,-0.49,0.37,-0.48,0.29,0.66,0.08,-0.87,-0.34,-0.73,-0.54,0.55,0.9,0.68,0.47,1.17,0.33,1.49,1.59,2.23,0.67,-0.92,0.08,0.77,0.66,-0.36
200601,11.48,9.47,8.56,8.25,8.12,6.84,8.64,10.19,9.84,8.03,5.63,8.15,9.14,4.63,6.09,5.4,5.03,5.15,3.86,4.64,1.25,2.38,1.6,5.31,4.13
200602,-0.37,0.82,-0.22,-0.53,0.34,-0.01,-0.11,-1.15,0.42,-2.11,0.67,-1.78,-0.31,-0.79,-0.95,0.7,-0.35,-0.51,-1.8,1.08,-0.23,0.54,1.08,0.26,-0.93
200603,4.08,5.5,4.43,5.4,6.69,3.21,5.51,6.34,5.27,3.97,4.93,3.83,2.84,2.8,2.26,3.54,2.32,2.53,1.99,2.4,0.9,1.94,1.3,1.07,0.89
200604,-1.16,-1.44,0.21,0.38,1.76,-0.7,0.9,3.47,-0.99,2.49,-1.23,-0.35,2.34,-0.4,3.24,0.06,0.42,1.63,3,3.02,-0.79,2.18,2.61,2.08,4.86
200605,-9.33,-6.37,-4.36,-4.38,-3.94,-6.23,-6.13,-4.23,-5.33,-3.16,-6.2,-4.84,-4.17,-3.06,-2.54,-5.53,-2.94,-2.57,-2.12,-2.44,-2.86,-2.7,-2.41,-1.27,-2.65
200606,-0.89,-0.95,-0.71,-0.24,-0.21,0.1,1.31,0.02,0.5,-0.35,-0.8,-0.67,-0.41,0.27,0.04,-0.31,-1.71,-0.81,0.15,-0.64,0.37,-0.77,0.54,1.21,1.13
200607,-5.85,-3.46,-3.56,-2.27,-2.51,-5.13,-4.47,-3.05,-1.69,-3.53,-6.27,-3.01,-4.22,-1.88,-1.32,-4.69,-3.02,-2.59,-3.18,-1.39,-0.94,1.52,1.43,1.83,3.8
200608,3.34,2.39,3.23,2.51,2.79,3.44,2.42,3.64,3.19,1.72,2.65,2.25,1.95,2.85,2.15,1.43,3.35,0.46,3.23,2.53,4.16,2.06,2.47,0.08,0.49
200609,-0.3,0.08,0.07,0.41,2.11,0.87,1.53,0.87,1.87,1.15,2.05,0.17,1.29,1.05,1.07,2.01,2.79,1.07,1.41,0.75,2.61,2.77,1.87,2.31,4.26
200610,7.17,6.1,6.15,4.83,5.22,6.11,5.2,4.78,4.77,4.77,5.93,4.35,3.75,3.65,5.29,4.15,4.75,3.76,2.81,3.2,3.25,2.16,3.82,3.56,5.06
200611,1.27,3.47,1.72,2.03,2.74,1.57,3.07,2.9,3.41,2.9,3.74,3.96,4.49,3.96,3.44,3.86,4.17,3.57,2.27,4.75,0.98,2.23,2.55,2.07,-0.21
200612,0.33,0.88,1.53,2.11,3.68,-2.21,-0.76,0.91,0.56,1.67,-1.13,-0.13,1.06,1.09,1.01,-1.11,0.31,-0.38,2,2.38,-0.06,1.34,3.38,2.74,3.56
200701,1.47,0.2,0.15,0.39,3.12,2.15,1.41,1.62,0.86,2.5,3.8,2.82,2.19,3.81,0.9,4.4,3.59,2.04,2.53,2.05,2.22,0.98,1.12,0.32,3.78
200702,-0.78,-0.57,-0.96,-0.82,0.04,-0.93,-0.18,0.22,-1.47,0.46,0.34,0.67,1.15,0.39,0.5,-0.51,0.22,0.99,0.03,0.54,-2.4,-1.5,-3.03,-1.25,-2.99
200703,0.62,-0.24,1.11,1.1,0.74,0.98,1.44,-0.34,1.22,-1.17,2.7,2.18,1.72,1.28,1.33,1.07,1.07,0.75,-0.07,3.48,0.6,1.14,2.52,1,0.76
200704,3.37,0.23,0.61,-0.09,1.67,2.28,2.67,1.52,0.69,2.23,3.15,4.32,4.03,3.16,2.56,4.45,3.88,4.37,5.51,2.67,5.21,4.26,4.06,2.72,3.79
200705,2.07,3.51,2.56,3.14,3.04,3.57,4.05,4.04,2.26,3.37,6.94,4.92,5.13,4.68,3.72,4.51,3.33,4.66,4.85,2.57,2.55,4.15,3.95,3.61,3.53
200706,0.39,-0.24,-0.85,-0.61,0.18,-1.28,-1.89,-1.25,-2.22,-1.96,-0.73,0.21,-0.75,-1.87,-2.66,-0.74,-2.21,-3.18,-2.77,-1.8,-1.52,-0.7,-2.01,-3.04,-1.82
200707,-5.61,-6.54,-6.38,-6.91,-7.84,-4.64,-5.9,-5.55,-6.85,-9.8,-3.25,-3.18,-5.09,-5.81,-7.36,-2.79,-4.41,-6.05,-5.01,-7.27,-1.25,-1.32,-4.69,-4.64,-5.21
200708,0.8,1.32,1.11,0.9,-3.17,2.4,2.35,2.59,3.61,-1.18,-0.49,2.93,0.37,0.36,-3.58,1.28,0.52,-1.69,-0.98,-1.22,1.91,2.35,1.61,1.71,-0.11
200709,2.33,2.34,0.35,0.99,-1.12,2.94,1.12,0.58,0.97,-0.51,3.21,3.32,2.11,1.58,1.58,3.26,2.59,1.74,2.28,0.44,5.13,3.73,2.91,2.64,4.56
200710,3.45,1.27,-0.13,0.04,-0.92,3.71,4.4,1.15,1.86,-0.2,4.16,2.19,4.02,1.17,3.71,3.22,2.12,1.92,2.51,-2.28,4.36,1.8,0.9,0.7,-0.46
200711,-9.56,-8.72,-7.83,-7.96,-8.97,-6.73,-7.27,-6.09,-6.63,-8.73,-6.4,-6.22,-6,-5.1,-5.19,-4.37,-4.52,-7.36,-5.74,-6.86,-3.59,-2.34,-5.41,-5.14,-5.97
200712,-1.13,0.89,-1.71,-0.45,-1.01,0.89,0.26,0.12,0.86,-1.05,-1.87,-1.15,-0.57,-0.92,-0.39,-0.69,0.42,-2.99,-1.58,-2.21,-0.8,0.13,-1.21,-1.17,0.7
200801,-11.12,-8.45,-7.26,-4.74,-4.69,-9.61,-7.05,-7.33,-3.11,-3.8,-6.35,-5.72,-6.73,-3.13,-6.57,-6.7,-7.64,-4.59,-4.15,-2.61,-8.51,-4.79,-4.77,-3.95,-3.98
200802,-5.73,-4.01,-5,-2.29,-3.93,-5.03,-1.08,-1.26,-3.25,-4.68,-3.44,-1.1,-1.78,-1.56,-2.93,-1.18,-1.6,-2.76,-2.38,-5.5,-2.42,-1.73,-3.99,-5.02,-6.05
200803,-4.09,-1.13,2.21,0.16,-0.31,-0.73,1.45,2.05,1.43,0.59,-3.14,1.38,-2.32,-1.06,-0.79,-0.72,-1.67,-2.44,-3.07,-1.55,0.22,1.53,-4.2,-3.19,0.74
200804,3.13,3.48,1.09,0.68,0.66,2.91,4.04,3.3,2.83,0.52,7.21,6.94,8.84,9.87,7.51,6.24,6.73,5.83,7.96,2.26,3.44,3.5,7.13,4.11,6.91
200805,5.81,4.23,2.25,3.45,1.6,7.13,3.68,7.84,5.6,1.78,4.25,3.46,6.94,6.38,4.62,4.31,4.96,3.66,4.9,3.12,3.6,-0.41,0.72,-1.81,1.66
200806,-6.17,-8.97,-11.11,-7.17,-9.95,-7.65,-7.13,-5.18,-8.19,-11.5,-8.45,-6.82,-6.52,-7.07,-6.39,-7.01,-9.13,-9.91,-5.72,-13.47,-7.09,-7.03,-9.28,-13.08,-10.89
200807,4.99,4.4,4.95,7.12,3.31,1.62,2.85,4.57,3.77,8.16,-0.42,0.32,1.6,-0.29,5.78,-0.53,-1.82,-7.28,-2.69,-2.23,-1.38,-1.91,-1.81,2.95,7.95
200808,1.07,3.23,2.7,3.27,6.82,4.58,4.75,3.71,5.49,12.09,3.08,2.91,4.42,2.47,5.86,1.03,1.9,2.45,3.93,2.57,1.04,1.59,2.28,-2.4,0.17
200809,-13.04,-9.57,-8.48,-3.7,-6.47,-9.2,-8.34,-7.49,-3.95,-6.96,-13.83,-11.66,-8.22,-6.57,-6.09,-13.44,-13.4,-14.8,-10.65,-8.75,-9.43,-8.85,-6.99,-7.85,-3.59
200810,-23.65,-19.99,-18.89,-15.43,-21.69,-22.76,-23.2,-18.57,-19.55,-20.56,-23.33,-18.35,-17.77,-19.51,-20.38,-21.09,-20.42,-25.13,-22.52,-18.75,-14.41,-15.43,-13.38,-27.02,-16.85
200811,-12.9,-12.21,-12.42,-11.78,-16.16,-11.2,-10.49,-10.84,-9.58,-16.8,-11.65,-10.38,-9.4,-9.19,-6.78,-8.66,-8.64,-9.72,-8.46,-15.29,-6.01,-4.74,-6.71,-13.99,-17.19
200812,2.58,6.42,5.94,2.42,4.21,3.92,6.12,6.11,5.75,6.93,6.42,3.35,4.65,-0.29,10.26,4.45,6.81,2.62,2.47,1.32,1.32,1.33,0.49,-1.81,3.69
200901,-6.79,-7.76,-9.57,-15.75,-15.29,-6.85,-5.42,-11.08,-13.86,-19.66,-6.14,-8.8,-8.54,-6.91,-18.32,-4.24,-5.94,-6.93,-8.74,-17.04,-3.28,-9.45,-11,-18.82,-12.65
200902,-11.02,-10.61,-12.44,-13.18,-14.9,-10.14,-8.68,-10.34,-14.05,-21.55,-6.5,-10.48,-9.51,-12.54,-11.46,-6.7,-8.45,-11.16,-13.75,-15.15,-7.57,-9.69,-11.95,-19.6,-11.74
200903,10.52,11.39,10.59,7.85,10.36,8.89,10.26,9.86,7.53,14.02,8.98,9.37,9.83,8.86,13.29,8.44,9.12,8.07,10.04,10.47,8.12,8.37,9.64,11.77,11.6
200904,19.01,15.81,15.82,16.11,17.35,15.89,17.88,15.51,13.58,18.93,14.46,18.29,13.95,16.07,15.79,11.53,13.76,16.95,14.37,17.03,6.69,7.2,11.18,13.83,23.63
200905,6.08,5.63,4.79,4.27,3.85,4.5,2.58,2.87,0.53,4.95,3.96,1.5,3.01,1.1,-1.1,3.7,2.81,4.94,8.5,3.86,5.03,5.47,4.86,8.35,7.35
200906,7.92,5.08,4.29,2.66,3.15,6.36,1.81,0.96,-2.15,0.45,1.64,1.44,-1.66,0.41,0.21,1.79,0.6,-0.96,-1.06,-0.18,1.87,-1.67,-0.09,-0.89,-1.66
200907,8.48,7.68,9.09,8.85,13.85,6,6.91,12.35,11.94,13.26,6.94,9.44,10.21,12.54,15.97,7.61,7.7,9.41,11.88,11.09,5.91,8.89,7.79,8.53,9.28
200908,3.35,2.36,3.49,3.75,10.07,0.13,0.74,3.26,4.24,8.43,1.02,0.92,3.88,4.35,11.9,1.95,4.29,3.27,6.2,15.32,1.2,4.39,2.45,6.26,14.65
200909,5.17,5.74,4.92,6.44,8.95,8.05,6.05,7.43,5.48,7.88,6.57,4.07,6.79,8.04,7.72,6.93,4.99,6.13,6.45,8.54,3.54,2.77,4.14,5.12,0.51
200910,-10.38,-7.31,-6.76,-7.81,-9.03,-7.36,-4.81,-6.98,-9.15,-10.13,-5.01,-3.77,-5.58,-5.53,-10.34,-4.51,-2.83,-4.04,-7.4,-6.36,0.2,-1.11,-3.11,-3.45,-10
200911,-0.53,-0.97,3.64,1.24,1.55,2.47,1.14,2.08,3,5.94,3.22,3.45,1.62,6.67,7.58,4.43,4.51,4.4,4.36,4.39,7.08,5.46,4.5,4.61,5.84
200912,5.91,8.35,7.59,7.94,10.23,9.21,9.29,9.39,7.45,9.34,6.94,7.3,7.12,7.41,8.49,6.06,4.64,7.72,5.85,6.46,0.92,2.54,2.81,1.77,-1.95
201001,-4.1,-5.17,-4.05,-3.87,-1.13,-3.1,-3.43,-0.85,-2.81,-3.88,-3.6,-3.37,-4.09,-3.82,-3.04,-3.73,-3.92,-5.19,-2.12,-2.31,-4.11,-3.67,-0.87,-4.85,-1.42
201002,3.79,4.11,4.71,5.3,6.97,2.05,3.48,2.65,6.09,5.61,4.08,4.03,4.13,7.01,8.91,4.86,6.85,5.04,3.96,6.57,2.49,3.05,2.68,4.13,5.96
201003,6.98,6.73,8.19,6.91,9.88,6.85,8.22,7.84,7.25,11.63,9.4,6.76,9.41,7.86,7.94,8.13,6.24,7.95,5.72,12.14,5.12,5.53,6.16,6.77,8.32
201004,6.52,7.24,5.66,9.99,12.18,2.12,5.54,5.37,6.51,7.19,2.98,5.93,3.33,5.48,5.76,3.93,4.41,3.33,7,4.77,0.31,2.61,1.73,-1.47,2.63
201005,-7.23,-5.62,-6.97,-9.38,-10.47,-4.82,-6.21,-7.54,-9.04,-9.98,-6.29,-6.42,-6.81,-9.66,-9.35,-5.14,-8.3,-8.72,-7,-7.97,-7.45,-7.81,-9.29,-7.57,-10.04
201006,-6.67,-7.29,-7.04,-7.32,-11.61,-5.47,-4.86,-7.64,-10.11,-12.57,-5.65,-6.26,-7.27,-7.61,-11.87,-4.29,-6.02,-7.48,-8.38,-9.74,-3.83,-6.82,-3.2,-7.32,-9.77
201007,6.14,5.34,7.15,5.83,6.24,6.86,8.17,6.33,7.13,6.62,6.58,7.27,5.3,8.09,7.99,7.05,6.29,8.66,8.06,6.48,6.98,5.87,7.68,7.49,5.44
201008,-8.73,-8.27,-8.69,-9.65,-9.29,-5.6,-8.39,-8.44,-6.67,-8.33,-4.4,-6.24,-8.18,-6.59,-6.41,-4.21,-4.66,-5.43,-4.33,-5.97,-4.06,-3.73,-2.39,-5.23,-8.74
201009,11.38,11.36,13.45,11.8,10.21,15.04,14.93,13.22,10.54,11.49,12.66,14.23,12.19,11.32,11,12.1,11.19,11.03,7.63,9.7,10.19,8.16,8.4,7.44,7.29
201010,6.54,4.74,5.83,5.12,3.57,3.54,4.43,3.66,3.31,2.76,4.49,3.77,5.12,3.87,3.17,2.9,4.62,4.22,1.78,0.37,4.78,4.48,4.29,1.82,0
201011,1.63,3.55,5.32,4.27,3.37,3.35,4.51,3.34,3.03,4.21,3.78,5.78,2.56,3.68,1.6,4.41,3.77,2.63,1.5,-0.81,-0.93,2.2,-0.64,-0.17,-3.3
201012,10.19,8.24,7.63,8.64,9.52,7.84,7.33,7.86,7.95,10.23,6.29,8.03,8.52,6.96,8.3,4.98,7.05,7.54,9.14,9.2,4.4,6.17,6.63,9.15,13.91
201101,-2.95,-1.75,-1.36,-0.94,-0.95,0.75,-0.61,1.96,0.06,2.22,1.99,1.71,-0.4,3.8,-0.59,1.86,3.59,1.9,1.93,0.74,1.31,3.6,2.78,2.54,3.36
201102,1.4,5.41,3.91,4.73,6.42,5.67,6.93,6.32,4.67,5.57,5.12,6.45,5.53,5.15,4.31,4.38,4.27,4.12,3.83,2.52,1.89,3.7,5.09,3.78,4.25
201103,3.43,4.34,0.9,2.11,1.57,2.59,2.65,3.14,1.44,3.14,4.88,2.97,2.69,2.45,1.77,1.98,3.19,2.57,0.83,0.35,-0.2,-0.11,1.46,-0.38,-2.79
201104,2.52,1.18,0.48,1.51,0.28,4.25,2.02,2.32,1.89,0,4.03,3.72,3.41,2.99,1.97,3.3,1.63,1.91,2.86,2.36,3.59,4.5,3.36,0.65,1.03
201105,-1.01,-1.24,-2.17,-4.29,-2.82,-1.96,-1.29,-0.46,-3.5,-3.32,-1.49,-1.33,-1.61,-4.19,-0.46,0.23,-0.5,-1.38,-1.27,-0.83,0.01,-2.42,-1.38,-2.13,-3.44
201106,-4.59,-3.75,-2.4,-1.76,-2.48,-0.9,-2.05,-1.36,-0.44,-1.65,-0.86,-2.12,-1.73,-0.96,-3.61,-1.74,-2.01,-2.94,-2.05,-1.92,-1.17,-1.79,-2.04,-1.52,-2.64
201107,-5.16,-3.03,-3.03,-1.28,-1.45,-3.63,-3.77,-5.12,-2.99,-5.64,-4.75,-3.85,-3.24,-5.11,-3.99,-4.47,-3.16,-3.69,-2.55,-3.88,0.21,-1.88,-1.37,-3.96,-5.45
201108,-12.15,-12.33,-8.99,-10.39,-9.67,-9.43,-8.71,-10.5,-8,-10.92,-7.48,-8.6,-8.21,-8.61,-9.31,-7.8,-7.71,-8.89,-8.59,-7.14,-3.71,-4.91,-6.68,-3.9,-11.34
201109,-11.31,-12.91,-10.99,-10.87,-10.32,-10.44,-11.88,-12.03,-10.74,-10.9,-10.38,-13.02,-11.74,-11.03,-10.83,-8.94,-11.12,-12.35,-8.9,-9.73,-6.21,-5.19,-6.97,-5.86,-13.42
201110,12.79,15.16,14.51,14.75,10.05,17.91,14.93,16.44,15.23,14.87,14.25,16.82,16.96,15.26,12.47,14.81,15.9,15.39,11.5,12.45,9.24,10.7,12.63,8.83,14.79
201111,-2.21,-1.17,-3.21,-1.17,-0.19,-0.24,-1.87,-0.22,1.96,0.3,-1.36,1.22,-0.52,1.14,-0.11,-0.4,-0.72,1.26,1.47,-1,-0.53,1.23,1,-0.09,-6.21
201112,-0.38,1.98,0.86,1.84,1.32,-0.99,0.44,1.4,0.75,1.22,-1.92,-0.29,0.4,0.19,2.99,-2.49,0.33,-0.53,4.11,-0.39,-0.36,0.93,1.68,3.53,1.49
201201,12.34,7.75,7.54,7.59,7.67,8.05,5.92,7.96,5.45,5.31,8.03,5.51,7.34,5.72,2.72,9.61,6.36,5.08,3.31,4.06,7.15,2.54,2.09,2.18,9.08
201202,1.26,0.82,1.25,0.94,2.57,4.16,3.59,1.3,2.77,4.56,4.28,3.88,3.66,4.19,3.63,4.66,5.4,4.06,3.64,6.21,5.16,3.03,3.82,4.64,6.64
201203,2.67,3.52,3.32,3.2,4.83,1.84,1.84,2.6,3.9,2.75,1.45,1.29,1.82,1.71,-0.42,4.49,0.31,-0.6,2.5,1.88,4.18,2.26,0.14,3.69,7.72
201204,-3.75,-2.13,-1.75,-1.83,-0.2,-0.07,-2.75,-1.92,-2.46,-1.84,-2.34,-0.76,-1.27,-1.07,0.4,-0.48,0.27,-0.33,0.81,-3.46,-0.19,-0.77,-0.19,-0.65,-3.87
201205,-8.45,-5.83,-7.42,-7.98,-4.88,-5.78,-5.82,-7.62,-5.35,-7.29,-6.71,-7.02,-7.33,-6.17,-6.9,-7.2,-8.37,-9.23,-6.56,-5.57,-6.25,-5.31,-5.13,-2.84,-12.43
201206,6.94,7.92,5.63,5.68,5.43,6.3,4.7,4.49,3.03,5.19,5.36,2.79,2.42,2.53,3.5,0.81,1.64,3.67,2.76,3.63,2.65,4.41,4.61,5.41,5.98
201207,-2.48,1.33,-2.92,-1.79,-2.35,-4.56,-0.26,-0.98,-1.22,-0.71,-1.69,-0.21,-0.42,0.49,-4.49,-2.38,0.3,-0.3,-0.62,-1.18,1.13,2.54,1.09,1.93,-1.29
201208,2.23,1.2,3.85,2.82,3.24,2.25,2.14,2.77,3.33,3.62,5.41,3.19,4.51,4.18,3.48,4.09,4.16,2.33,3.99,6,2.7,2.04,1.48,-0.25,6.6
201209,5.06,5.06,4.65,4.74,4.5,4.94,3.52,3.97,3.73,3.5,2.59,1.79,2,2.72,3.71,1.79,2.04,2.69,2.38,3.3,1.57,2.37,3.87,3.22,5.32
201210,-5.61,-4.15,-3.6,-3.71,-1.25,-6.2,-2.31,-0.87,-1.69,-0.94,-3.81,0.54,-0.51,0.67,0.15,-1.33,0.01,-0.74,1.4,1.1,-3.95,-1.03,-1.63,-1.84,4
201211,-0.62,1.76,0.69,-0.29,1.03,-0.59,0.55,0.32,0.17,3.08,2.9,3.29,2.49,1.36,0.87,2.93,3.15,0.64,-0.46,0.86,1.65,0.26,-0.42,-0.58,-1.44
201212,0.39,3.94,3.79,4.51,4.45,3.72,3.06,3.76,3.5,4.86,2.47,3.81,2.18,3.05,4.64,1.9,2.24,3.37,3.95,3.18,-0.98,-0.12,1.8,1.51,7.5
201301,6.64,3.92,5.95,5.48,5.6,7.64,6.46,6.42,7.87,4.22,5.38,6.37,6.34,6.64,8.58,7.33,6.67,7.66,8.55,9.38,3.53,5.4,5.61,6.59,6.76
201302,-1.22,0.29,-0.53,1.94,1.59,1.03,1.2,0.39,2.13,1.12,0.52,1.28,1.19,2.05,1.09,0.74,1.5,1.89,0.16,2.69,0.96,1.39,1.96,2.93,0.02
201303,7.48,6.75,5.09,3.95,4.47,5.2,4.92,3.91,4.44,4.4,4.12,4.91,5.83,3.16,6.18,3.91,4.25,5.43,5.25,5.97,3.61,3.35,4.3,4.6,3.22
201304,-0.2,-0.79,-1.14,-0.74,0.77,-1.3,-1.58,-1.17,-1.66,1.72,-1.94,0.66,-0.51,-1.05,-1.71,0.86,1.22,0.02,1.55,0.85,1.98,1.52,2.4,1.54,3.34
201305,7.94,4.13,3.64,6.52,4.11,5.49,4.5,6.12,4.55,7.94,3.02,5.4,4.19,4.96,4.2,3.74,3.72,1.39,3.18,5,1.78,2.36,0.6,1.94,8.79
201306,-0.69,-1.21,1.61,1.45,0.11,1.8,0,-0.62,-0.93,-0.67,-0.21,-1.22,-1.44,-0.83,-0.38,-2.03,-2.22,-0.98,-2.28,-1.24,-2.76,-0.33,0.16,-0.02,-2.93
201307,7.53,9.61,7.87,8.58,7.44,6.78,6.66,6.67,7.08,7.92,8.43,6.94,5.98,8.15,9.06,7.77,4.48,6.4,7.49,5.76,5.16,4.9,4.78,5.02,6.89
201308,-2.31,-2.74,-2.63,-3.58,-3.25,-0.45,-1.58,-3.23,-3.61,-3.73,-1.88,-2.3,-3.62,-4.42,-4.06,-1.61,-1.86,-3.51,-2.94,-2.96,-0.96,-3.31,-3.41,-3.62,-4.45
201309,7.47,8.3,6.41,6.75,6.21,6.97,6.37,7.33,6.12,5.44,6.08,5.8,5.5,5.43,4.24,5.49,5.79,4.69,5.58,4.49,4.23,2.62,2.42,2.77,2.04
201310,-0.65,1.61,2.42,3.59,2.85,0.78,0.66,1.48,4.93,3.77,3.24,3.72,3.1,4.23,5.98,1.99,3.74,2.61,4.42,6.22,4.8,4.51,5.34,3.52,3.64
201311,7.74,5.83,5.56,7.3,4.59,5.95,3.35,3.53,3.1,5.15,3.17,3.18,3.34,2.79,3.59,1.96,1.78,0.98,-0.2,2.69,3.57,3.06,1.52,2.26,5.9
201312,2.42,3.8,2.13,1.33,1.49,2.54,0.84,3.55,1.59,1.35,1.68,3.68,2.94,3.39,2.22,3.28,3.11,2.93,3.81,2.62,2.35,2.62,3.79,2.48,1.89
201401,2.63,-2.88,-1.66,-4.2,-2.83,0.15,-2.2,-5.44,-4.63,-5.8,-0.37,-3.73,-4.93,-1.53,-2.39,-2.36,-3.82,-0.86,-2.51,-5.92,-3.79,-2.92,-3.08,-4.76,-4.01
201402,4.78,2.94,4.12,5.84,4.61,4.64,3.87,5.53,5.08,4.13,6.79,4.33,5.05,6.29,4.2,5.78,5.88,4.84,5.21,5.88,5.07,5.02,3.03,4.15,2.56
201403,-4.23,0.65,0.8,1.07,1.45,-3.94,-0.01,1.68,0.82,2.49,-4.54,-0.32,0.78,1.72,2.27,-2.3,0.25,-0.01,1.71,4.8,-1.02,0.24,2.32,3.53,3.75
201404,-8.6,-6.56,-4.93,-3.28,-4.37,-6.76,-2.71,-3.08,-1.97,-2.05,-5.39,-1.84,-1.25,-1.85,-2.89,-2.76,-1.11,0.03,0.34,-0.46,1.19,0.3,1.65,1.72,-1.85
201405,-2.36,-0.71,-0.78,-1.03,0.03,-0.11,-0.47,1.56,-0.57,0.21,1.36,0.26,2.9,0.07,1.32,3.05,1.61,2.73,1.5,1.54,3.02,1.51,2.42,1.63,1.44
201406,6.27,10.63,3.48,4.25,3.74,7.62,7.01,5.37,5,5.88,5.94,5.19,3.92,4.51,5.44,4.49,3.76,3.36,4.2,3.74,1.41,0.95,2.4,3.35,3.34
201407,-8.99,-7.77,-5.99,-4.57,-4.83,-5.45,-6.47,-5.22,-6.07,-6.14,-5.43,-5.81,-6.21,-6.11,-3.71,-2.14,-4.14,-3.63,-3.28,-3.81,-1.6,-1.03,-0.34,-1.85,-1.65
201408,2.74,4.82,2.7,4.84,3.28,5.75,5.04,4.05,4.77,5.4,5.74,4.39,5.09,5.25,4.17,5.97,4.89,5.5,3.68,4.54,4.89,4.75,2.27,1.87,5.09
201409,-7.11,-4.77,-7.13,-5.43,-5.85,-4.58,-4.8,-5.28,-5.31,-8.21,-2.96,-6.23,-4.59,-6.53,-7.08,-3,-3.68,-4.74,-3.94,-4.8,-0.59,-0.86,-1.35,-3.95,-0.36
201410,5.81,6.54,6.29,7.49,4.24,8.27,6.7,6.28,5.87,4.54,6.28,5.43,4,4.33,3.74,3.85,0.64,3.46,3.61,-0.51,2.25,2.71,2.21,-0.22,1.5
201411,0.11,0.32,-1.19,-1.37,-2.64,1.5,-0.47,-0.63,-0.52,-0.81,2.52,2.67,0.05,0.38,-0.44,3.51,2.67,3.16,1.4,-1.96,3.55,3.78,3.12,0.06,1.12
201412,5.84,7.22,5.47,4.42,3.55,1.02,3.73,2.8,2.95,2.72,1.63,0.78,0.7,1.82,-0.23,0.4,0.22,0.85,0.53,0.73,-1.48,-1.07,-0.4,0.22,2.45
201501,-3.55,-6.68,-4.65,-4.83,-5.14,-1.72,-4,-4.36,-4.47,-6.88,-0.68,-1.22,-3.38,-4.9,-4.88,-1.35,-2.16,-1.04,-1.71,-3.72,-0.82,-2.68,-4.16,-3.8,-7.61
201502,4.34,6.18,6.32,5.34,5.67,7.07,8.79,6.23,5.77,4.99,7.86,7.9,7.99,6.97,5.8,7.8,6.8,7.14,5.89,7.65,6.3,5.5,6.79,4.03,5.96
201503,-0.96,2.3,2.47,1.48,1.1,2.9,2.8,0.3,3,1.52,0.98,0.91,2.14,1.1,0.61,0.94,0.98,1.25,-1.55,-0.53,-1.62,-1.82,-2.07,-2.25,-1.47
201504,-3.81,-2.47,-2.92,-2.05,-0.38,-3.89,-2.67,-2.39,-0.32,-0.69,-3.03,-1.55,-1.46,-1.02,-0.22,-1.52,0.42,-1.41,-0.91,0.55,0.25,0.87,1.43,3.74,1.61
201505,3.25,5.18,0.53,0.37,-0.05,2.92,5.62,2.54,1.39,-0.36,4.43,2.18,3.48,1.91,0.88,1.7,2.08,2.28,1.31,-0.15,1.68,0.57,1.16,0.17,1.73
201506,4.07,2.45,1.97,2.32,1.9,1.01,1.63,-0.77,0.6,0.43,1.29,0.37,-0.55,-2,-0.2,-1.33,-0.35,-2.26,-2.49,0.12,-0.56,-3.19,-2.19,-2.44,-0.78
201507,-5.07,-1.46,-4.82,-5.52,-6.39,-0.13,-1.57,-0.87,-3.41,-5.07,2.34,0.12,-3.64,-3.35,-6.58,2.28,0.29,-0.55,1.77,-2.37,3.17,3.31,0.54,-0.14,0.49
201508,-7.68,-7.01,-4.52,-3.47,-1.2,-10.22,-5.72,-2.68,-5.24,-4.06,-8.03,-5.3,-4.69,-3.87,-3.02,-8.08,-5.13,-4.57,-3.28,-5.78,-5.8,-6.62,-6.07,-5.22,-7.63
201509,-7.94,-9.44,-5.8,-3.97,-6.12,-9.29,-5.85,-4.81,-2.53,-5.24,-6.13,-3.85,-5.39,-5.61,-5.57,-5.41,-3.62,-4.64,-2.24,-5.41,-1.59,-2.89,-2.4,-1.32,-5.65
201510,6.1,6.58,6.16,4.94,4.4,2.66,7.24,5.89,5.65,5.51,3.97,6.07,8.54,5.42,7.24,6.37,7.22,6.95,3.06,5.24,8.36,8.9,8.66,7.03,7.62
201511,4.09,4.4,2.16,3.06,1.99,8.52,2.8,3.38,4.78,5.14,2.06,2.32,0.3,2.33,2.62,1.02,0.91,0.25,1.9,0.4,0.04,0.17,-0.72,0.51,3.13
201512,-3.83,-4.89,-5.03,-5.34,-4.66,-2.7,-4.38,-5.27,-5.31,-6.68,-2.86,-4.97,-4.64,-6.54,-8.95,-3.08,-3.07,-4.73,-4.78,-6.42,-1.31,-1.24,-2.42,-0.99,-4.17
201601,-12.92,-15.13,-9.13,-7.08,-7.4,-17.12,-6.95,-8.24,-6.66,-8.29,-12.23,-6.17,-7.42,-6.67,-7.38,-10.28,-6.63,-6.71,-5.87,-7.99,-5.84,-3.43,-5.02,-3.36,-12.07
201602,-2.58,0.7,-0.62,-1.06,0.28,-1.63,0.2,2.27,1.15,0.51,-0.2,1.18,2.78,0.88,1.83,0.75,1.4,0.75,1.33,-2.64,0.03,-0.31,1.71,0.35,-6.05
201603,4.32,8.49,6.75,6.75,6.65,9.11,7.59,8,7.31,8.79,5.63,7.63,8.14,9.69,11.47,8.23,7.36,9.83,8.47,10.1,6.58,6.33,6.15,7.5,7.63
201604,2.25,3.87,1.74,1.86,5.88,5.11,-0.28,0.07,2.85,3.18,0.81,-0.32,1.1,3.85,4.65,1.68,0.48,2.46,0.83,5.53,-0.85,-0.79,3.62,1.56,7.13
201605,0.55,2.57,1.69,-1,-1.1,4.03,2.37,0.83,1.6,1.55,3.27,1.64,0.45,-0.03,0.89,3.12,2.15,4.38,2.27,2.13,1.84,2.08,2.67,-0.31,1.49
201606,-3.8,-1.41,-0.68,0.78,1.06,0.27,0.92,-1,-1.64,0.17,0.7,-2.03,-0.11,-0.35,-1.92,-0.78,-1.28,-0.97,0.25,-4.64,0.11,0.11,1.43,2.22,-6.55
201607,4.78,5.9,6.92,4.84,5.79,8.58,6.38,6.04,4.62,6.73,7.44,4.7,6.15,4.47,6.25,5.07,4.51,3.3,1.95,6.71,4.96,3.41,1.96,1.01,4.53
201608,2.56,3.14,4.14,4.23,3.32,0.08,2.68,2.4,3.22,3.02,-0.85,2.22,3.56,2.48,1.42,1.24,0.85,1.78,-0.33,5.01,-0.8,-0.39,0.6,1.37,4.56
201609,11.15,3.42,4.1,2.81,1.7,5.38,2.21,1.19,-0.51,2.15,-0.18,-0.18,0.54,1.19,1.59,0.09,-0.55,0.79,0.2,-0.16,0.49,0.18,1.21,-2.55,0.36
201610,-10.28,-9.42,-6.37,-3.47,-3.16,-10.02,-7.16,-5.74,-2.54,-5.01,-4.8,-4.73,-2.54,-2.67,-4.02,-3.5,-1.82,-1.16,-2,-0.42,-2.38,-2,-1.37,-0.48,2.22
201611,7.53,9.3,13.28,13.6,13.3,9.69,9.83,12.72,16.31,13.85,5.63,8.72,10.12,13.3,17.59,3.48,6.94,6.84,7.96,15.54,0.73,3.85,4.58,6.32,13.99
201612,1.82,3.5,2.47,8.13,4.38,-3.1,1.06,2.55,5.13,3.55,0.34,2.08,2.27,1.96,1.55,-0.29,0.27,1.27,1.5,1.97,1.33,1.35,1.58,4.74,4.08
201701,1.52,-3.97,0.07,-1.76,-0.32,2.98,1.91,-0.38,-2.35,0.96,2.43,1.22,1.42,0.36,0.61,3.82,3.38,1.82,1.35,2.1,3.36,2.29,-0.62,1.16,-0.26
